Date,Open,High,Low,Close,Volume,Dividends,Stock Splits
2016-05-04,19857.859738372095,20138.8671875,19701.74448885659,20138.8671875,14702750,0.0,0.0
2016-05-09,20138.865428334295,20294.980664212853,20060.807810395014,20279.369140625,13718100,0.0,0.0
2016-05-10,20279.373643663195,20294.985170717595,20107.646846064814,20232.5390625,8559550,0.0,0.0
2016-05-11,20232.54181985294,20279.376407398897,20092.03805721507,20170.095703125,8834400,0.0,0.0
2016-05-12,20170.088084260344,20170.088084260344,19904.692188414814,19998.361328125,7615100,0.0,0.0
2016-05-13,19998.370908257682,19998.370908257682,19530.024985347667,19561.248046875,12284900,0.0,0.0
2016-05-16,19561.241220327523,19717.356473482574,19467.572068434496,19483.18359375,11720150,0.0,0.0
2016-05-17,19498.79586135285,19748.58027590981,19498.79586135285,19732.96875,9183550,0.0,0.0
2016-05-18,19732.967961356466,19842.24863835765,19592.464233783518,19795.4140625,9169600,0.0,0.0
2016-05-19,19795.419518946852,19935.923285248526,19764.1964597687,19826.642578125,10012450,0.0,0.0
2016-05-20,19826.63496109141,19982.750197005516,19811.0234375,19811.0234375,7960550,0.0,0.0
2016-05-23,19811.02594041602,20076.421875,19811.02594041602,20076.421875,8112550,0.0,0.0
2016-05-24,20076.422895357984,20123.25747442958,19795.415420928402,19842.25,10434600,0.0,0.0
2016-05-25,20029.591342905405,20263.76427364865,19889.08758445946,20216.9296875,11862750,0.0,0.0
2016-05-26,20279.373643663195,20341.819751880786,20216.927535445604,20232.5390625,12653650,0.0,0.0
2016-05-27,20294.987994832292,20310.59952405909,19873.476705708854,20013.98046875,13744550,0.0,0.0
2016-05-30,20248.14787750244,20248.14787750244,19889.08280334473,19982.751953125,10315350,0.0,0.0
2016-05-31,19982.757352941175,20294.98793658088,19795.419002757353,20170.095703125,62527700,0.0,0.0
2016-06-01,20263.7606550075,20935.056269926856,20216.92607722243,20810.1640625,23504000,0.0,0.0
2016-06-02,21075.55953811813,21419.013100961536,21013.113435782965,21309.732421875,23806950,0.0,0.0
2016-06-03,21387.7915787264,21528.2953190246,21294.122418527597,21497.072265625,17066200,0.0,0.0
2016-06-07,21637.571871646996,21887.356251117668,21543.902729345493,21824.91015625,23142150,0.0,0.0
2016-06-08,22152.75648865354,22152.75648865354,21684.410685510757,21949.806640625,18808100,0.0,0.0
2016-06-09,21981.03076923077,22324.484375,21949.80771416084,22324.484375,25768750,0.0,0.0
2016-06-10,22230.81412251067,22246.425649282097,21918.58358708215,21949.806640625,14484050,0.0,0.0
2016-06-13,21793.692486095915,21793.692486095915,21262.90054875547,21403.404296875,15248300,0.0,0.0
2016-06-14,21403.40057319973,21637.57344599185,21372.177523494112,21543.904296875,12273050,0.0,0.0
2016-06-15,21621.961301032818,22105.918557590234,21590.738252222665,22059.083984375,15334450,0.0,0.0
2016-06-16,22059.088689063607,22121.534800002217,21778.081189839868,21996.642578125,14621550,0.0,0.0
2016-06-17,22012.25268178033,22402.540849897003,22012.25268178033,22262.037109375,16419700,0.0,0.0
2016-06-20,22277.645698211476,22605.48771619497,22262.0341735456,22340.091796875,13515800,0.0,0.0
2016-06-21,22355.700017265193,22621.095897358424,22262.03088311464,22605.484375,10020550,0.0,0.0
2016-06-22,22574.267776816607,22636.713884083045,22340.094874567472,22558.65625,8948250,0.0,0.0
2016-06-23,22543.04576048951,22558.657288024475,22277.649792395106,22324.484375,11256300,0.0,0.0
2016-06-24,22558.653383091518,22558.653383091518,21231.67377232143,21856.134765625,20552600,0.0,0.0
2016-06-27,21856.133203683832,21934.190822268418,21621.96034793008,21824.91015625,11839000,0.0,0.0
2016-06-28,21700.021653301465,21918.58302247141,21528.294863239367,21840.525390625,10718950,0.0,0.0
2016-06-29,21996.75358166189,22059.244358882523,21731.167778474213,21809.28125,10527050,20.0,0.0
2016-06-30,21996.750175438596,22574.7897752193,21824.900564692984,22262.3359375,13671700,0.0,0.0
2016-07-01,22293.58218046555,23105.962189844813,22293.58218046555,22902.8671875,14393600,0.0,0.0
2016-07-04,22871.621802523874,23027.8487274045,22668.526800179057,22902.8671875,7995000,0.0,0.0
2016-07-05,22902.864350216983,23043.46856519103,22840.373588006296,22949.732421875,7870350,0.0,0.0
2016-07-06,22606.03769077674,22684.15115895496,22059.243413529202,22199.84765625,16749150,0.0,0.0
2016-07-07,22199.8462109375,22652.904296875,22121.732747844828,22652.904296875,11495200,0.0,0.0
2016-07-08,22652.905875428085,23043.473218107876,22637.28318172089,22809.1328125,13498150,0.0,0.0
2016-07-11,22809.131364380457,23434.039072993623,22809.131364380457,23262.189453125,14056800,0.0,0.0
2016-07-12,23418.423313161715,23512.159497203724,22809.138116888662,22871.62890625,11024700,0.0,0.0
2016-07-13,23371.551358879136,23371.551358879136,22856.002431845038,23137.2109375,10009900,0.0,0.0
2016-07-14,23137.20597265625,23434.037109375,23059.092515625,23434.037109375,12430250,0.0,0.0
2016-07-15,23434.0434319417,23777.74273561018,23215.325693243576,23715.251953125,11623150,0.0,0.0
2016-07-18,23715.25136833415,23949.591796875,23434.042854085128,23949.591796875,11567200,0.0,0.0
2016-07-19,23871.478320694718,24058.950663527397,23777.742149278376,23949.591796875,10122250,0.0,0.0
2016-07-20,23949.586470170456,24090.190696022728,23808.98224431818,24058.9453125,7773150,0.0,0.0
2016-07-21,24058.946375769607,24168.305222932195,24012.07829841421,24105.814453125,8544700,0.0,0.0
2016-07-22,23527.77114682965,23871.47032692942,23527.77114682965,23683.998046875,8585150,0.0,0.0
2016-07-25,23434.039769890143,23793.361713028462,23355.926303990513,23465.28515625,7732500,0.0,0.0
2016-07-26,23434.036075367647,23918.33948759191,23402.790693933825,23902.716796875,7228500,0.0,0.0
2016-07-27,23621.511173870334,23887.09694765062,23621.511173870334,23855.8515625,6335050,0.0,0.0
2016-07-28,23949.58845699237,23996.456536164565,23402.79419998341,23543.3984375,9503700,0.0,0.0
2016-07-29,23746.493055555555,24324.532689144737,23605.88882035819,24043.32421875,14985600,0.0,0.0
2016-08-01,24512.0035512496,24683.853161870215,24371.399324378188,24496.380859375,11515400,0.0,0.0
2016-08-02,24496.379602713176,24496.379602713176,24152.68039910368,24183.92578125,8315800,0.0,0.0
2016-08-03,24183.9264842205,24183.9264842205,23699.623046875,23699.623046875,7504900,0.0,0.0
2016-08-04,23730.86842992955,23949.58611131139,23699.623046875,23699.623046875,7009950,0.0,0.0
2016-08-05,23887.093442204517,24433.887602098017,23824.602681073833,24387.01953125,6958850,0.0,0.0
2016-08-08,24465.133880556885,24605.738098261234,24308.906971996497,24512.001953125,11125150,0.0,0.0
2016-08-09,24590.12057773612,24668.234048440492,24324.534777341258,24480.76171875,9023200,0.0,0.0
2016-08-10,24480.762323318868,24527.630406898927,23965.21340393819,24074.572265625,12340350,0.0,0.0
2016-08-11,24074.56888179522,24355.77734375,23840.228496832908,24355.77734375,10533600,0.0,0.0
2016-08-12,24355.7802184466,24527.62985436893,24121.43980582524,24137.0625,10474850,0.0,0.0
2016-08-16,24137.058946259167,24621.36239437181,24137.058946259167,24496.380859375,10843100,0.0,0.0
2016-08-17,24512.004796755267,24527.627489423692,24230.79632872366,24465.13671875,7446450,0.0,0.0
2016-08-18,24480.75646317645,25683.703653772867,24465.133772389483,25621.212890625,18327050,0.0,0.0
2016-08-19,25589.973966884325,26168.013671874996,25558.728577425372,26168.013671875,16805150,0.0,0.0
2016-08-22,26152.39136402027,26433.59987331081,25918.050939611487,26011.787109375,12612200,0.0,0.0
2016-08-23,26011.785112255482,26464.8432313278,25886.803562166566,26355.484375,11545700,0.0,0.0
2016-08-24,26246.12324183303,26277.368626644737,25558.724775975497,25824.310546875,15938550,0.0,0.0
2016-08-25,25464.989513422817,25918.047609060402,25340.00796979866,25605.59375,14173800,0.0,0.0
2016-08-26,25090.039253935327,25355.624974556064,25043.17118559049,25183.775390625,12058000,0.0,0.0
2016-08-29,25027.550640720277,25621.212890625,24949.437186785442,25621.212890625,8925750,0.0,0.0
2016-08-30,25730.577419737845,26105.522081591946,25511.85970032295,25699.33203125,7849600,0.0,0.0
2016-08-31,25636.834302662035,25636.834302662035,25168.153602430553,25308.7578125,20532200,0.0,0.0
2016-09-01,24730.72017269219,24808.833628701956,24418.26634865312,24793.2109375,18790150,0.0,0.0
2016-09-02,24918.19211803381,25199.40055572949,24808.833281152158,24949.4375,8153000,0.0,0.0
2016-09-05,24840.089568901774,25230.65701495369,24761.97607969139,25090.052734375,8383800,0.0,0.0
2016-09-06,25105.66896017194,25699.331325129337,24949.442022025258,25668.0859375,7660150,0.0,0.0
2016-09-07,25746.197466841455,25808.68823739204,25324.384765625,25324.384765625,9591850,0.0,0.0
2016-09-08,25355.63066275168,25605.59375,25215.026426174496,25605.59375,12070850,0.0,0.0
2016-09-09,25168.161149553573,25277.520012400793,24433.894499007936,24605.744140625,13258400,0.0,0.0
2016-09-12,23277.807473869456,23527.770507145906,22746.636028156998,22887.240234375,26499350,0.0,0.0
2016-09-13,23559.02040356909,24199.550799156845,23355.925400090047,23855.8515625,24717250,0.0,0.0
2016-09-19,24027.702382862644,24512.005876925545,23996.456996148907,24340.15625,22408150,0.0,0.0
2016-09-20,24355.78064742705,24808.838786474764,24355.78064742705,24761.970703125,12921150,0.0,0.0
2016-09-21,24918.19229202654,25011.928438579616,24621.361161275127,24871.32421875,10509050,0.0,0.0
2016-09-22,24996.30716934487,25636.837540559332,24980.68447736403,25277.515625,11429950,0.0,0.0
2016-09-23,24715.101584878263,24965.064685610283,24465.138484146246,24543.251953125,18299650,0.0,0.0
2016-09-26,24543.248934998803,24933.81623186384,24433.890091876594,24496.380859375,14524800,0.0,0.0
2016-09-27,24215.170826860263,24605.738098261234,23949.5850823076,24512.001953125,9834400,0.0,0.0
2016-09-28,24277.666694918636,24574.497883595246,24277.666694918636,24480.76171875,8706400,0.0,0.0
2016-09-29,24574.49588623047,25293.139758300782,24558.873193359377,24996.30859375,11397550,0.0,0.0
2016-09-30,24840.08873396433,25230.656166888297,24761.975247379538,24965.0703125,11762700,0.0,0.0
2016-10-04,25152.530724810254,25371.248383286867,25090.03996524551,25215.021484375,13053100,0.0,0.0
2016-10-05,25011.93214368437,25402.499478844966,24949.441370058677,25293.140625,12470450,0.0,0.0
2016-10-06,26496.084158781785,26558.574923307213,26043.02611597243,26417.970703125,29558150,0.0,0.0
2016-10-07,26558.570509415298,26808.5335259745,26402.343624065797,26652.306640625,26050550,0.0,0.0
2016-10-10,25777.440359933036,26386.725313895087,25433.74115513393,26246.12109375,25293300,0.0,0.0
2016-10-11,24996.310679611648,25386.87803398058,24137.0625,24137.0625,38427150,0.0,0.0
2016-10-12,23355.9262583978,24137.0609158693,23340.30356524837,23980.833984375,39088550,0.0,0.0
2016-10-13,24215.174351216283,24699.477838240608,24137.060885567196,24324.533203125,21864550,0.0,0.0
2016-10-14,24183.926323715914,24808.833980659478,24168.303632292325,24636.984375,14158950,0.0,0.0
2016-10-17,24449.51662613011,25027.556316332546,24027.703879225628,24840.083984375,12785200,0.0,0.0
2016-10-18,24558.877069894585,24918.199062647498,24558.877069894585,24824.462890625,10384500,0.0,0.0
2016-10-19,24668.231153846154,25668.083461538463,24605.740384615383,25386.875,15444550,0.0,0.0
2016-10-20,25402.493952546294,25793.061202739198,25136.908222415124,25308.7578125,10330450,0.0,0.0
2016-10-21,25090.04871135541,25199.407578714992,24808.840195287914,24824.462890625,10477500,0.0,0.0
2016-10-24,24886.946744548743,25121.287109375,24840.07867158349,25121.287109375,9289950,0.0,0.0
2016-10-25,24996.305572949277,25058.796336881653,24871.324045084533,24949.4375,9866100,0.0,0.0
2016-10-26,24949.44254297623,24980.687931257977,24402.64824804563,24480.76171875,10534000,0.0,0.0
2016-10-27,24543.244855818895,25261.888562609267,24308.904516648123,24574.490234375,14117000,0.0,0.0
2016-10-28,24683.85002807466,25215.021484375,24683.85002807466,25215.021484375,10214200,0.0,0.0
2016-10-31,25246.271812080537,25605.59375,25168.158347315435,25605.59375,12067200,0.0,0.0
2016-11-01,25464.986344676905,25808.685546875,25183.77790651483,25808.685546875,10347400,0.0,0.0
2016-11-02,25621.217856055995,25808.690181832015,25480.61361172398,25668.0859375,10099250,0.0,0.0
2016-11-03,25464.987212832613,25621.21412824876,25090.04261583385,25246.26953125,10341850,0.0,0.0
2016-11-04,25074.423780107176,25527.481904482946,25074.423780107176,25418.123046875,7103850,0.0,0.0
2016-11-07,25730.571726133767,25777.439798494666,25527.476745903205,25621.212890625,7661900,0.0,0.0
2016-11-08,25761.822454522124,25761.822454522124,25543.10473811017,25683.708984375,5417450,0.0,0.0
2016-11-09,25714.948991130168,25886.798589491307,24855.700999324483,24933.814453125,15683600,0.0,0.0
2016-11-10,25464.98915062159,25777.443005230445,25277.516837856278,25761.8203125,11795350,0.0,0.0
2016-11-11,24761.975247379538,25277.524258839174,24761.975247379538,24965.0703125,12836800,0.0,0.0
2016-11-14,24918.19810070227,24933.82079543625,24246.422227141018,24262.044921875,15133300,0.0,0.0
2016-11-15,24262.041917945906,24699.47731633772,24043.32421875,24043.32421875,13665700,0.0,0.0
2016-11-16,24058.947769576378,24433.892410141205,24058.947769576378,24340.15625,13308200,0.0,0.0
2016-11-17,24293.28586500518,24621.36239437181,24137.058946259167,24496.380859375,7870550,0.0,0.0
2016-11-18,24715.102971311477,24808.83913934426,24527.630635245903,24777.59375,9460750,0.0,0.0
2016-11-21,24449.50998999529,25090.0402836629,24449.50998999529,24886.9453125,8180200,0.0,0.0
2016-11-22,25105.66409465511,25699.326344559835,24996.305259146342,25621.212890625,9751100,0.0,0.0
2016-11-23,25949.292625265312,25949.292625265312,25402.49837969982,25761.8203125,12668600,0.0,0.0
2016-11-24,25761.820666429925,25808.688745265154,25511.85757930871,25777.443359375,7757150,0.0,0.0
2016-11-25,25636.839122869318,25808.688745265154,25511.85757930871,25777.443359375,6276900,0.0,0.0
2016-11-28,25777.43930987254,26261.742715088327,25621.212404964223,26199.251953125,13294050,0.0,0.0
2016-11-29,26402.346929505817,26527.32845343247,26074.270429198346,26199.251953125,18081300,0.0,0.0
2016-11-30,26199.26244026525,27292.851212369344,26199.26244026525,27277.228515625,28535200,0.0,0.0
2016-12-01,27183.483664772728,27386.578657670456,27074.12482244318,27324.087890625,15535350,0.0,0.0
2016-12-02,26933.51669712652,27152.234350119426,26667.930975635132,26980.384765625,15352950,0.0,0.0
2016-12-05,26824.162464075234,27089.748231046276,26730.426311026633,26839.78515625,8484600,0.0,0.0
2016-12-06,26902.27486323656,27495.937142448514,26871.029480120138,27308.46484375,14001800,0.0,0.0
2016-12-07,27370.954385933972,27714.6535848441,27370.954385933972,27683.408203125,9603650,0.0,0.0
2016-12-08,28105.225333886174,28136.4707205831,27745.90338687151,27964.62109375,16462550,0.0,0.0
2016-12-09,28042.73493460323,28042.73493460323,27652.16759568118,27808.39453125,10652450,0.0,0.0
2016-12-12,27074.123944286886,27620.918138199202,27074.123944286886,27370.955078125,11414450,0.0,0.0
2016-12-13,27042.88727062394,27683.41781833947,27042.88727062394,27589.681640625,11684450,0.0,0.0
2016-12-14,27777.14417513717,27870.880319710184,27558.4265044668,27761.521484375,7455100,0.0,0.0
2016-12-15,27199.106005054364,27730.277518076677,27199.106005054364,27480.314453125,5773550,0.0,0.0
2016-12-16,27574.049036182376,28136.465900376465,27495.935582822087,28011.484375,11747700,0.0,0.0
2016-12-19,27824.010855893106,28417.67307516539,27824.010855893106,28042.728515625,5435800,0.0,0.0
2016-12-20,28058.36302686948,28433.30774437776,27995.8722406181,28308.326171875,7615200,0.0,0.0
2016-12-21,28402.046111063017,28589.51836262119,28136.46042135561,28198.951171875,6552100,0.0,0.0
2016-12-22,28323.939985402845,28355.185368729268,28105.222302117883,28261.44921875,6354600,0.0,0.0
2016-12-23,28136.467862215908,28183.3359375,27808.391335227272,27839.63671875,8334850,0.0,0.0
2016-12-26,27808.38729230395,28120.84108210512,27777.141913323834,28089.595703125,4823600,0.0,0.0
2016-12-27,28105.228515625,28277.07816191287,28011.492344922528,28105.228515625,4653450,0.0,0.0
2016-12-28,28430.454977628633,28541.511442384995,28240.072466617727,28366.994140625,6662900,550.0,0.0
2016-12-29,28097.295526671754,28589.1171875,28081.43031180633,28589.1171875,7516450,0.0,0.0
2017-01-02,28541.509921442175,28747.757630713295,28462.18387941482,28636.701171875,4650600,0.0,0.0
2017-01-03,28779.49825032552,29049.206888834633,28573.250467936195,28938.150390625,7357650,0.0,0.0
2017-01-04,28954.011333094233,28969.876544783598,28636.7070993069,28684.302734375,7971750,0.0,0.0
2017-01-05,28604.97796637725,28604.97796637725,28192.482443844907,28208.34765625,10967450,0.0,0.0
2017-01-06,28700.167991410566,28906.415743698206,28589.111509409533,28716.033203125,8880950,0.0,0.0
2017-01-09,29033.342415032243,29747.277064582217,29001.611986163356,29525.1640625,13194900,0.0,0.0
2017-01-10,29572.753860096673,29667.945127886684,29414.10174711332,29541.0234375,9099800,0.0,0.0
2017-01-11,29763.133743142633,30588.12465713166,29683.80769372061,30366.01171875,12018150,0.0,0.0
2017-01-12,30143.90514255799,30778.513671875,30128.039929325063,30778.513671875,11669150,0.0,0.0
2017-01-13,30223.231754496464,30397.74910321009,29715.544921875,29715.544921875,15954450,0.0,0.0
2017-01-16,29239.58767751807,30001.117904604813,28811.22692478178,29080.935546875,16611500,0.0,0.0
2017-01-17,29017.473077947445,29715.542413884945,29017.473077947445,29318.912109375,8150700,0.0,0.0
2017-01-18,29382.37685266649,29747.276781182325,29049.207352717247,29303.05078125,8875400,0.0,0.0
2017-01-19,29921.790752984925,30080.442877868194,29366.508315893476,29731.408203125,9418900,0.0,0.0
2017-01-20,29445.839919354836,29683.81815146169,29255.457333669354,29509.30078125,9185000,0.0,0.0
2017-01-23,29509.29012168287,30191.494140625,29350.638024254466,30191.494140625,8810400,0.0,0.0
2017-01-24,30239.09769719602,30603.997616941826,30048.71513037212,30270.828125,11048750,0.0,0.0
2017-01-25,30413.606782400064,31254.462890625,30397.741572810915,31254.462890625,13433850,0.0,0.0
2017-01-26,31270.33450129229,31730.425673558897,31270.33450129229,31651.099609375,15214500,0.0,0.0
2017-01-31,31651.10505496072,31651.10505496072,31302.0703125,31302.0703125,17992200,0.0,0.0
2017-02-01,31365.528877492332,31460.72016391871,30968.898517382415,31032.359375,14150400,0.0,0.0
2017-02-02,31413.11493664253,31460.71056533441,31095.810745363313,31222.732421875,15029300,0.0,0.0
2017-02-03,31254.47466580081,31333.800743632793,31079.957294570453,31302.0703125,10386350,0.0,0.0
2017-02-06,31397.25192942682,31460.712772134102,31048.217294536782,31381.38671875,8860700,0.0,0.0
2017-02-07,31381.39378662738,31397.259000877446,30746.785216624805,30794.380859375,14041800,0.0,0.0
2017-02-08,30730.925487263998,30762.65592142741,30302.56462605794,30461.216796875,17092950,0.0,0.0
2017-02-09,30762.65592142741,30810.251572672525,30318.42984313965,30461.216796875,13694150,0.0,0.0
2017-02-10,30461.210896767465,30746.78474892466,30381.8848267238,30429.48046875,11020750,0.0,0.0
2017-02-13,29937.664254931176,30191.507725031282,29921.79903804992,30112.181640625,11102050,0.0,0.0
2017-02-14,30112.17341338478,30350.151601583286,29604.486611894623,29810.734375,13124150,0.0,0.0
2017-02-15,29414.10997150053,30112.179463812303,29414.10997150053,29921.796875,14191550,0.0,0.0
2017-02-16,29985.248306812206,30429.474207653868,29969.38309606786,30159.765625,10226350,0.0,0.0
2017-02-17,29794.871403278525,30175.636533032884,29572.758410921815,30032.849609375,15377450,0.0,0.0
2017-02-20,30318.416549122154,30762.642432625777,30270.820918746766,30667.451171875,7485800,0.0,0.0
2017-02-21,30572.271845507512,31381.397877744606,30477.080547597267,30889.576171875,10562600,0.0,0.0
2017-02-22,30937.17214336832,31206.880823592557,30921.306926884543,31175.150390625,8539450,0.0,0.0
2017-02-23,30953.02752719819,31286.196967521697,30953.02752719819,31079.94921875,10217300,0.0,0.0
2017-02-24,30905.438734628468,31016.49523932169,30191.5040616006,30318.42578125,9296850,0.0,0.0
2017-02-27,30159.76372113932,30254.95497959636,29905.920365253874,30191.494140625,9033700,0.0,0.0
2017-02-28,30191.49073637487,30746.77301476327,30112.164696605098,30492.9296875,15088700,0.0,0.0
2017-03-02,30477.0661151498,31619.361149137712,30477.0661151498,31508.3046875,21249800,0.0,0.0
2017-03-03,31206.87722918507,31508.316307657118,31064.090297277256,31428.990234375,12708700,0.0,0.0
2017-03-06,31111.682562609156,31904.943209284556,31111.682562609156,31793.88671875,12234850,0.0,0.0
2017-03-07,31571.775798740673,31984.2713619403,31571.775798740673,31889.080078125,10553250,0.0,0.0
2017-03-08,31889.080078125,32222.249571478547,31841.484436217354,31889.080078125,12140950,0.0,0.0
2017-03-09,31889.080078125,31968.406147971084,31746.293152402053,31889.080078125,14372250,0.0,0.0
2017-03-10,31698.69554776941,32063.595446467458,31619.369482835053,31873.212890625,10227800,0.0,0.0
2017-03-13,31762.15491648707,32507.819892048956,31762.15491648707,32206.380859375,7424100,0.0,0.0
2017-03-14,32222.25265201886,32952.05256437379,32127.061359102998,32809.265625,11325050,0.0,0.0
2017-03-15,32365.031929347828,32872.71870471015,32365.031929347828,32840.98828125,9587850,0.0,0.0
2017-03-16,33158.308623625715,33459.747792931405,32952.06077094288,33190.0390625,9933150,0.0,0.0
2017-03-17,33158.293632075474,33713.57606132075,33094.832783018865,33634.25,12602300,0.0,0.0
2017-03-20,33316.95107398568,33412.14236276849,33110.70328162291,33237.625,10250050,0.0,0.0
2017-03-21,33142.424758796406,33856.359231819784,33126.55954828477,33761.16796875,14220150,0.0,0.0
2017-03-22,32999.63583372586,33681.83984375,32983.770624190416,33681.83984375,16427250,0.0,0.0
2017-03-23,33475.601151315794,33602.5228618421,33078.97080592105,33158.296875,15397100,0.0,0.0
2017-03-24,32999.65030120482,33301.08941453313,32587.15467243976,32920.32421875,12808150,0.0,0.0
2017-03-27,32682.3359375,33221.753132584956,32666.470725879855,32682.3359375,12177650,0.0,0.0
2017-03-28,32967.913979628735,33190.02697082931,32825.12705671408,32904.453125,8216250,0.0,0.0
2017-03-29,33110.69145673767,33285.208757180466,32983.76978368837,33142.421875,10093250,0.0,0.0
2017-03-30,33333.45799711172,33779.17758828609,33333.45799711172,33413.05078125,8204000,140.0,0.0
2017-03-31,33285.68992149575,33444.875430445994,32792.21484375,32792.21484375,10500300,0.0,0.0
2017-04-03,32951.416788579874,33206.11372994088,32871.82399440456,32983.25390625,9579400,0.0,0.0
2017-04-04,33110.58757129278,33572.22557108484,33046.91336442491,33492.6328125,12255500,0.0,0.0
2017-04-05,33349.375760115094,33619.99121974371,33190.19019562767,33540.3984375,10699700,0.0,0.0
2017-04-06,33428.97739155115,33492.65163420172,33110.60617829828,33301.62890625,9683400,0.0,0.0
2017-04-07,33269.771446814906,33285.6899977464,32760.37781700721,33110.5859375,10021000,0.0,0.0
2017-04-10,33381.21875,33381.21875,33031.01044647115,33381.21875,7141350,0.0,0.0
2017-04-11,33381.201303335336,33381.201303335336,33094.66738656851,33110.5859375,7172900,0.0,0.0
2017-04-12,33317.526180265515,33381.200382234485,33190.17777632757,33349.36328125,8274900,0.0,0.0
2017-04-13,33158.345002357375,33795.087105139086,33158.345002357375,33763.25,9040800,0.0,0.0
2017-04-14,33556.31661262494,33635.90939396418,33237.94548726796,33444.88671875,5462850,0.0,0.0
2017-04-17,33428.95813282002,33492.6323387873,33046.912897016366,33078.75,5224750,0.0,0.0
2017-04-18,33174.26698795181,33285.69686746988,32855.89590361446,33031.0,6860650,0.0,0.0
2017-04-19,32871.814443574265,32967.325768834045,32553.443359375,32553.443359375,11762900,0.0,0.0
2017-04-20,32298.745099731565,32473.849188493048,31900.781261637287,32059.966796875,21148850,0.0,0.0
2017-04-21,32219.153911616784,32951.40740960807,32219.153911616784,32442.013671875,15130500,0.0,0.0
2017-04-24,32839.977147869184,32839.977147869184,32569.361727843116,32824.05859375,8990150,0.0,0.0
2017-04-25,32999.16671179742,34017.954299619436,32887.73681937939,33986.1171875,19299600,0.0,0.0
2017-04-26,33986.1142578125,34065.70703125,33842.847265625,34065.70703125,14794800,0.0,0.0
2017-04-27,33986.10740940066,35434.69559406364,33397.12100464758,34893.46484375,23032250,0.0,0.0
2017-04-28,36437.56907461621,36453.487628165625,35434.70020100292,35514.29296875,22685700,0.0,0.0
2017-05-02,36214.70102832684,36214.70102832684,35625.71468193207,35737.14453125,14068300,0.0,0.0
2017-05-04,36373.8998139554,36373.8998139554,35705.32047383019,36230.6328125,13690100,0.0,0.0
2017-05-08,36230.63557395789,37424.52734375,36087.368561582836,37424.52734375,19582550,0.0,0.0
2017-05-10,36740.02817297149,37583.71166221217,36294.30859375,36294.30859375,23410950,0.0,0.0
2017-05-11,36151.03672046703,36755.94178228022,35991.851177884615,36214.7109375,21277850,0.0,0.0
2017-05-12,36421.6544903972,36740.025596082494,36342.06171397588,36469.41015625,9422900,0.0,0.0
2017-05-15,36310.21647742679,36835.5286842462,36310.21647742679,36692.26171875,8001400,0.0,0.0
2017-05-16,37137.98081574763,37249.41067674644,36692.26137175237,36915.12109375,8803750,0.0,0.0
2017-05-17,36708.18885884225,37122.07130044238,36692.27030339609,36883.29296875,7424450,0.0,0.0
2017-05-18,36405.740209716474,36612.68145271005,36246.554638182955,36564.92578125,11160350,0.0,0.0
2017-05-19,36326.148175452814,36437.57807783151,35593.89453125,35593.89453125,15762350,0.0,0.0
2017-05-22,35848.5841809867,36119.19960331208,35625.72442142461,35896.33984375,17643550,0.0,0.0
2017-05-23,36135.12743140583,36278.39445646427,35737.16347291017,35753.08203125,12607050,0.0,0.0
2017-05-24,35705.323630375446,36055.53188711564,35657.56795900178,35721.2421875,8675400,0.0,0.0
2017-05-25,35944.10189087128,36357.984375,35657.56786339755,36357.984375,13044800,0.0,0.0
2017-05-26,36294.30623372396,36978.8041144477,36246.55056762695,36676.3515625,13613650,0.0,0.0
2017-05-29,36787.77928916868,36931.046279044276,36119.20000308253,36310.22265625,8739550,0.0,0.0
2017-05-30,36230.62329889113,36342.05315965222,35402.85861895161,35530.20703125,12433600,0.0,0.0
2017-05-31,35482.45742449664,35832.66561800895,35339.19043624161,35577.96875,18669100,0.0,0.0
2017-06-01,35705.313849876904,35737.1509554051,35339.1871363026,35562.046875,9753500,0.0,0.0
2017-06-02,35864.50485986455,36580.83984375,35816.74919427219,36580.83984375,12488750,0.0,0.0
2017-06-05,36644.518567016756,36899.2154814704,36389.82165256312,36564.92578125,7599400,0.0,0.0
2017-06-07,37010.63664114239,37010.63664114239,36007.76777731788,36055.5234375,13729400,0.0,0.0
2017-06-08,35816.74532218778,36278.383373007084,35816.74532218778,35944.09375,13978750,0.0,0.0
2017-06-09,36357.97213259219,36962.87709802061,36294.29792570499,36692.26171875,11732850,0.0,0.0
2017-06-12,36151.03241722676,36294.29938849714,35928.17268413949,36119.1953125,10954300,0.0,0.0
2017-06-13,35928.17210386839,36310.21735441905,35928.17210386839,36135.11328125,8624900,0.0,0.0
2017-06-14,36453.49338968805,36660.43461853781,36007.7738198578,36103.28515625,10166700,0.0,0.0
2017-06-15,36357.984375,36549.00705998248,35960.02044795315,36357.984375,9657000,0.0,0.0
2017-06-16,36214.71639836551,36564.9246448552,36182.879285048264,36278.390625,17403450,0.0,0.0
2017-06-19,36278.37389591387,37058.3828125,36262.45534659579,37058.3828125,11303900,0.0,0.0
2017-06-20,37599.629813434774,38315.96484375,37583.71125720555,38315.96484375,15045000,0.0,0.0
2017-06-21,37997.58179101727,38300.03426442713,37790.640625,37790.640625,9973650,0.0,0.0
2017-06-22,38172.6875,38268.19881150959,37981.664876980816,38172.6875,11455800,0.0,0.0
2017-06-23,37886.15957055859,38029.42656053129,37742.89258058589,37902.078125,9515100,0.0,0.0
2017-06-26,37822.48939778376,38491.06875582539,37822.48939778376,38427.39453125,8552800,0.0,0.0
2017-06-27,38379.642176177535,38522.909193840576,38124.94525588768,38443.31640625,9616750,0.0,0.0
2017-06-28,37886.157232704405,38204.52830188679,37854.320125786166,37965.75,9572500,0.0,0.0
2017-06-29,38348.92081247392,38572.436587400916,38269.09375,38269.09375,8306550,140.0,0.0
2017-06-30,37917.86213747633,38013.65463129733,37598.55382473969,37949.79296875,11877550,0.0,0.0
2017-07-03,37917.85562427202,38141.37140479405,37614.51277927785,37694.33984375,6805550,0.0,0.0
2017-07-04,37646.4342087766,37838.01911569149,37438.88389295213,37518.7109375,7961000,0.0,0.0
2017-07-05,37375.029192609814,38061.541903110556,37343.0983688656,37981.71484375,10640250,0.0,0.0
2017-07-06,38316.99438202247,38396.82145365169,38093.47858146067,38364.890625,10923050,0.0,0.0
2017-07-07,38109.44579078301,38412.7886772618,38013.65330031602,38205.23828125,8131900,0.0,0.0
2017-07-10,38716.12435939426,39035.4326015336,38572.435650431566,38843.84765625,10792750,0.0,0.0
2017-07-11,38827.88040816327,39115.2578125,38540.50300382653,39115.2578125,9717800,0.0,0.0
2017-07-12,39115.260139960905,39913.53075506215,38987.53684154471,39817.73828125,9486150,0.0,0.0
2017-07-13,39977.3926028481,40663.905335245254,39945.461778085446,40360.5625,16034150,0.0,0.0
2017-07-14,40711.79203087856,40775.6536654368,40248.79518033132,40296.69140625,8239000,0.0,0.0
2017-07-17,40631.980076890795,40727.77256430194,40328.63720008886,40424.4296875,8976100,0.0,0.0
2017-07-18,40248.80834019718,40616.01285896931,40200.91209861821,40584.08203125,7084450,0.0,0.0
2017-07-19,40408.44973455361,40568.103822797595,39913.52206099724,40504.2421875,11157500,0.0,0.0
2017-07-20,40520.221820068364,40967.25342407227,40360.567675781254,40871.4609375,8367600,0.0,0.0
2017-07-21,40600.044522685006,40839.52571334182,40328.63250660728,40775.6640625,8449050,0.0,0.0
2017-07-24,40472.323565916246,40711.80477044829,40408.46191137436,40600.046875,7099750,0.0,0.0
2017-07-25,40312.654726562505,40520.205028125005,39865.6233078125,39913.51953125,10810600,0.0,0.0
2017-07-26,39594.22364065008,39929.49730857494,39354.74244927518,39785.80859375,11224800,0.0,0.0
2017-07-27,39913.53303840361,40424.42626129518,39562.29394766566,39753.87890625,11449500,0.0,0.0
2017-07-28,39753.89059555591,39753.89059555591,37822.07502846263,38125.41796875,26168300,0.0,0.0
2017-07-31,37853.99728021266,38508.579266078836,37454.86192297718,38476.6484375,12701400,0.0,0.0
2017-08-01,38316.99074074074,38987.5380787037,37949.78624614197,38795.953125,11369500,0.0,0.0
2017-08-02,39274.91192602041,39386.66980548469,38795.94958545919,39115.2578125,7777450,0.0,0.0
2017-08-03,39115.249254395145,39115.249254395145,37614.50091565509,38141.359375,15540800,0.0,0.0
2017-08-04,38444.716234276726,38460.68164799528,37917.857581564465,38077.51171875,8359200,0.0,0.0
2017-08-07,37917.85319626156,38380.85014055276,37869.95696064523,37981.71484375,7218250,0.0,0.0
2017-08-08,38301.03086526875,38524.54667690434,37901.89548734807,38093.48046875,7979600,0.0,0.0
2017-08-09,37838.011948330815,37838.011948330815,36912.01840697926,36943.94921875,14555400,0.0,0.0
2017-08-10,36880.09834558823,36975.890808823526,36289.378155637256,36640.6171875,22986150,0.0,0.0
2017-08-11,36017.979157328555,36161.66790396683,35299.53542413716,35618.84375,25407300,0.0,0.0
2017-08-14,36017.96825,36241.484010416665,35698.66002083333,35922.17578125,19185600,0.0,0.0
2017-08-16,36896.070882372835,37023.79419135552,36720.45133252165,36880.10546875,21913650,0.0,0.0
2017-08-17,37486.7984893176,37758.21057378029,37311.1789052535,37550.66015625,12415850,0.0,0.0
2017-08-18,37327.13663712687,37710.30655983475,36912.035887526654,37438.89453125,10477950,0.0,0.0
2017-08-21,37710.3122231266,37710.3122231266,37183.45350028021,37391.00390625,5103450,0.0,0.0
2017-08-22,37375.02225731383,37646.4342087766,37279.22980385638,37518.7109375,7381750,0.0,0.0
2017-08-23,38141.36002823558,38141.36002823558,37662.39778426443,37901.87890625,9384700,0.0,0.0
2017-08-24,37933.8125,38045.57036510943,37790.12381628788,37933.8125,8657450,0.0,0.0
2017-08-25,38221.20028711187,38221.20028711187,37295.20629519354,37534.6875,11243550,0.0,0.0
2017-08-28,37534.682365103035,37710.30189126898,36688.51555721258,36800.2734375,9962100,0.0,0.0
2017-08-29,36433.08114284939,36784.3203125,36049.91113959419,36784.3203125,12623650,0.0,0.0
2017-08-30,37023.79419135552,37039.75960497835,36688.52050527598,36880.10546875,7513000,0.0,0.0
2017-08-31,36896.071368334415,37231.34505882988,36720.45181617012,36975.8984375,11011700,0.0,0.0
2017-09-01,37087.6517756293,37231.34048246558,36959.92848066373,37103.6171875,10641700,0.0,0.0
2017-09-04,36544.83631590736,37007.83336840248,36321.32049746145,36752.38671875,7943500,0.0,0.0
2017-09-05,36912.0282426219,37438.8867772268,36688.51250066831,37327.12890625,11716100,0.0,0.0
2017-09-06,37327.1260305851,37662.39961768617,37279.22980385638,37518.7109375,10811050,0.0,0.0
2017-09-07,37518.714363180596,38492.60439558655,37518.714363180596,38412.77734375,9676500,0.0,0.0
2017-09-08,38875.782141401796,39258.95206805216,38779.98965973921,39179.125,10893000,0.0,0.0
2017-09-11,39674.05184017319,40057.22175734187,39514.39770801958,39753.87890625,10374750,0.0,0.0
2017-09-12,40073.185027091735,40089.15043945312,39227.018171938005,39594.22265625,12029750,0.0,0.0
2017-09-13,39769.84946531137,40232.84650846433,39466.506574969775,39610.1953125,9357000,0.0,0.0
2017-09-14,39961.43065979125,40168.98103876739,39721.94945328032,40153.015625,14204750,0.0,0.0
2017-09-15,40153.008882068454,40360.559226190475,39801.76983816965,40232.8359375,10757300,0.0,0.0
2017-09-18,40344.59342100562,41893.23828125,40328.62801007526,41893.23828125,11524950,0.0,0.0
2017-09-19,41909.2061064011,42020.9639893515,41334.451279799025,41605.86328125,9850400,0.0,0.0
2017-09-20,41605.86434495883,41909.20717786528,41382.348573343545,41685.69140625,9292750,0.0,0.0
2017-09-21,41685.69441731771,42276.414713541664,41685.69441731771,42148.69140625,8839800,0.0,0.0
2017-09-25,42308.33403755595,42851.157945962324,42308.33403755595,42803.26171875,9303100,0.0,0.0
2017-09-26,42803.26171875,42803.26171875,42803.26171875,42803.26171875,0,0.0,0.0
2017-09-27,41510.06766398994,41669.7217703899,41110.93239799004,41254.62109375,10797000,0.0,0.0
2017-09-28,41830.93097383437,41991.01873110125,41030.4921875,41030.4921875,12025450,140.0,0.0
2017-09-29,40966.463920509945,41318.65704526619,40694.31468774376,41046.5078125,12909400,0.0,0.0
2017-10-10,42711.42553267045,42935.54845525568,42263.1796875,42263.1796875,20519800,0.0,0.0
2017-10-11,42903.53552800147,43832.0448789806,42695.421363126836,43735.9921875,13652150,0.0,0.0
2017-10-12,43896.07224566606,44152.21271099452,43303.74741959398,43864.0546875,13890700,0.0,0.0
2017-10-13,43655.9598828125,43896.09167534722,43047.626008391206,43223.72265625,12601650,0.0,0.0
2017-10-16,43207.69430551048,43912.0805779975,43031.59773738873,43159.66796875,9769950,0.0,0.0
2017-10-17,43239.71230326186,44328.309280907844,43223.70352417883,43864.0546875,10607800,0.0,0.0
2017-10-18,43880.065401867236,44216.24977743791,43255.722990093134,43832.0390625,10110750,0.0,0.0
2017-10-19,43784.01287927048,43784.01287927048,42407.2578125,42407.2578125,12108700,0.0,0.0
2017-10-20,42263.172478640416,43303.743013152394,42263.172478640416,43095.62890625,8027050,0.0,0.0
2017-10-23,43703.97155559392,43735.989117173114,43223.708131906074,43463.83984375,8311050,0.0,0.0
2017-10-24,43784.01633917006,43848.05146361492,43255.7265625,43255.7265625,5806050,0.0,0.0
2017-10-25,43255.71769480519,43559.88447356215,42983.568471706865,43143.65625,5882850,0.0,0.0
2017-10-26,42999.57138000955,43143.6503608063,41942.9921875,41942.9921875,9776550,0.0,0.0
2017-10-27,41943.00613460814,42679.41005910889,41734.89198203184,42487.3046875,7392500,0.0,0.0
2017-10-30,43047.61240805422,43479.849498056996,42983.57728360937,43255.7265625,8196150,0.0,0.0
2017-10-31,43271.72808159722,44376.333792892154,42823.48228570942,44088.17578125,13381550,0.0,0.0
2017-11-01,46025.232245062914,46025.232245062914,44968.6530004806,45801.109375,14510250,0.0,0.0
2017-11-02,46025.24788873554,46041.25667060988,45432.92295938486,45673.0546875,10721050,0.0,0.0
2017-11-03,45673.05246347331,45737.08758785252,44712.52559778512,45128.75390625,9935800,0.0,0.0
2017-11-06,45128.75390625,45224.806592818815,44296.29728932024,45128.75390625,9000950,0.0,0.0
2017-11-07,45128.75968276515,45560.996827651514,44712.531321022725,44904.63671875,7464550,0.0,0.0
2017-11-08,44904.635946584305,45673.05752427986,44712.53055216041,45432.92578125,8520200,0.0,0.0
2017-11-09,45560.97716708821,45560.97716708821,44744.529579062386,45096.72265625,11994050,0.0,0.0
2017-11-10,44664.49443151595,45256.81926806294,44648.48565214982,45144.7578125,6748800,0.0,0.0
2017-11-13,45144.7626873448,45464.93830924087,44904.63097092276,45128.75390625,8806650,0.0,0.0
2017-11-14,45128.74879850679,45416.90682559907,44760.546875,44760.546875,6725000,0.0,0.0
2017-11-15,44760.55152240694,45080.72714130827,44280.28809405493,44296.296875,8816950,0.0,0.0
2017-11-16,44376.35066332018,44824.596629616346,44344.33309429903,44648.5,7640700,0.0,0.0
2017-11-17,45144.758515093155,45528.96922585991,44680.50390625,44680.50390625,10733150,0.0,0.0
2017-11-20,44744.529827615486,44808.5649329144,44184.22265625,44184.22265625,9472750,0.0,0.0
2017-11-21,44344.318300018094,44696.511441751085,44248.265625,44248.265625,10324700,0.0,0.0
2017-11-22,44808.5869091762,44984.68353511437,44520.42879400465,44792.578125,7952950,0.0,0.0
2017-11-23,44792.5710443038,44808.57982594937,44040.158306962025,44264.28125,6272900,0.0,0.0
2017-11-24,44264.27351920303,44424.36130769924,44168.2208461053,44392.34375,4536200,0.0,0.0
2017-11-27,44312.30758453647,44312.30758453647,42135.11328125,42135.11328125,18128900,0.0,0.0
2017-11-28,42183.12440614442,42647.37890625,41398.69438872466,42647.37890625,13499400,0.0,0.0
2017-11-29,42583.3532259981,42615.37078481464,42023.04594670865,42103.08984375,9590250,0.0,0.0
2017-11-30,40662.30859375,41510.77408802904,40182.04510642224,40662.30859375,29634150,0.0,0.0
2017-12-01,40662.306654455155,41446.73697967889,40662.306654455155,40694.32421875,12868600,0.0,0.0
2017-12-04,40694.31955468446,41094.5390625,40037.95956186696,41094.5390625,14865050,0.0,0.0
2017-12-05,40502.202588519314,41062.50973895338,40246.062176892316,41030.4921875,9326550,0.0,0.0
2017-12-06,41030.50935407087,41270.641090438825,40037.96484375,40037.96484375,10889200,0.0,0.0
2017-12-07,40053.95845240441,40806.370941318484,40037.94967604454,40614.265625,11065600,0.0,0.0
2017-12-08,41110.539447115385,41622.8203125,40854.39901442308,41622.8203125,11290450,0.0,0.0
2017-12-11,41622.81919901506,41654.83675224507,41222.59978363992,41446.72265625,8125850,0.0,0.0
2017-12-12,41478.7442928263,41702.8671875,41350.67406729847,41702.8671875,8765050,0.0,0.0
2017-12-13,41702.885593762185,41702.885593762185,40902.44633092605,41078.54296875,11333700,0.0,0.0
2017-12-14,41078.53604827654,41846.95761114376,40870.421875,40870.421875,20310400,0.0,0.0
2017-12-15,41014.50275027163,41206.608149570326,40438.18655237554,40518.23046875,14928550,0.0,0.0
2017-12-18,40518.23353118896,41014.50585021973,40518.23353118896,40982.48828125,7350250,0.0,0.0
2017-12-19,41254.62012855169,41686.85712640613,41238.611350853374,41270.62890625,11978600,0.0,0.0
2017-12-21,40822.390825320515,40870.417167467946,39301.556657318375,39333.57421875,15624300,0.0,0.0
2017-12-22,39541.67695233903,39989.922682972836,39413.60674358652,39781.80859375,11199650,0.0,0.0
2017-12-26,39829.84500778009,40101.99427029305,38581.16015625,38581.16015625,16039850,0.0,0.0
2017-12-27,39542.27036061588,40026.857007192055,39138.44815513574,39865.328125,10743600,430.0,0.0
2017-12-28,40026.84123883928,41157.54296875,39978.382593271686,41157.54296875,8985450,0.0,0.0
2018-01-02,41496.75972964034,41512.91261392591,41012.17320107311,41206.0078125,8474250,0.0,0.0
2018-01-03,42433.62244073276,42449.77532327586,41529.061018318964,41690.58984375,10013500,0.0,0.0
2018-01-04,42094.40283623727,42142.86147342404,40899.089785630385,41254.453125,11695450,0.0,0.0
2018-01-05,41432.14199953233,42094.41015625,41351.37759017651,42094.41015625,9481150,0.0,0.0
2018-01-08,42320.56108227604,42417.47839773164,41593.68121635909,42013.65625,8383650,0.0,0.0
2018-01-09,41561.36045696925,41771.347898065476,40366.04733072916,40705.2578125,18013600,0.0,0.0
2018-01-10,40786.021039683146,40802.173919302826,39283.80323505324,39445.33203125,18566800,0.0,0.0
2018-01-11,38928.444237147596,39784.54695273632,38783.068304311775,38960.75,25123800,0.0,0.0
2018-01-12,38960.754985736516,39154.5895876556,37765.44160723548,38928.44921875,27270450,0.0,0.0
2018-01-15,39413.03435311084,39558.41029949526,38702.30750412031,39203.046875,10096000,0.0,0.0
2018-01-16,39380.728296875,40495.2772109375,39267.6581171875,40382.20703125,20389650,0.0,0.0
2018-01-17,40398.3505501184,40398.3505501184,39623.01235483424,40075.29296875,11053050,0.0,0.0
2018-01-18,40398.37044714429,40899.10994488978,40236.84157690381,40301.453125,14848850,0.0,0.0
2018-01-19,40689.12254631741,40689.12254631741,39606.879112175586,39833.01953125,9219950,0.0,0.0
2018-01-22,39283.807628524046,39316.11339137645,38734.609660033166,38960.75,12520900,0.0,0.0
2018-01-23,39299.96309404241,39703.78515625,39009.21120925295,39703.78515625,13532700,0.0,0.0
2018-01-24,39461.48711745034,40139.90809941224,39219.19390960681,39849.15625,9550500,0.0,0.0
2018-01-25,39752.241564178774,40672.95581414147,39703.78291944389,40592.19140625,11160350,0.0,0.0
2018-01-26,40786.02761760289,41012.16796875,40252.98250418472,41012.16796875,10350100,0.0,0.0
2018-01-29,41351.37446310035,41577.514792195434,41109.08125335562,41367.52734375,11838800,0.0,0.0
2018-01-30,40737.5680001255,40899.0968185241,40204.52289941014,40220.67578125,12284550,0.0,0.0
2018-01-31,40398.37044714429,43725.8651740982,40059.15981963928,40301.453125,64681300,0.0,0.0
2018-02-01,40882.93942097802,41157.53838192493,40156.0598184715,40236.82421875,27609450,0.0,0.0
2018-02-02,39881.471182193396,39897.62406643081,38524.62890625,38524.62890625,29260350,0.0,0.0
2018-02-05,37555.45387331751,39025.366261477466,37151.63178865818,38702.30859375,28357900,0.0,0.0
2018-02-06,37636.216193062,38702.30643715732,37620.06331057571,38298.484375,19406450,0.0,0.0
2018-02-07,38960.75326146288,38976.906144241264,36990.1015625,36990.1015625,23448050,0.0,0.0
2018-02-08,37248.55794836957,37652.38012907609,37135.48773777174,37151.640625,23251050,0.0,0.0
2018-02-09,35891.7039394575,36489.360575713086,35875.55105739653,36101.69140625,17465000,0.0,0.0
2018-02-12,36424.741232297136,37410.06682660761,36376.28259651137,36925.48046875,15754950,0.0,0.0
2018-02-13,37313.15919817522,38815.37729576409,37313.15919817522,38395.40234375,18923250,0.0,0.0
2018-02-14,38831.518399234694,39655.31517059949,38718.448254145405,39574.55078125,18905900,0.0,0.0
2018-02-19,40220.67489794337,40220.67489794337,38653.84539388694,39073.8203125,15353450,0.0,0.0
2018-02-20,38799.22823707806,38896.145543248946,38136.95997824367,38282.3359375,10122600,0.0,0.0
2018-02-21,38185.41796875,38427.71122997303,37830.05451895622,38185.41796875,12880200,0.0,0.0
2018-02-22,38169.25954341317,38169.25954341317,37765.4375,37765.4375,8869950,0.0,0.0
2018-02-23,37765.43298324333,38605.382733084494,37765.43298324333,38136.94921875,12423300,0.0,0.0
2018-02-26,38185.41527279443,38411.555633970034,38023.886443383286,38266.1796875,9560650,0.0,0.0
2018-02-27,39057.67095161461,39073.82383455572,38266.1796875,38266.1796875,9830550,0.0,0.0
2018-02-28,38266.180507596684,38847.68430593923,37959.275725138126,38007.734375,15162350,0.0,0.0
2018-03-02,37620.06589696056,37797.74761652542,37151.632272653194,37167.78515625,13265500,0.0,0.0
2018-03-05,37006.25103878595,37280.85002074115,36408.59443100111,36505.51171875,14100950,0.0,0.0
2018-03-06,37087.013451722676,38040.033396692896,37006.24904960655,37975.421875,15423350,0.0,0.0
2018-03-07,38928.44185456088,39493.79266987608,38136.9507131196,39267.65234375,21427050,0.0,0.0
2018-03-08,39736.09375,39962.23412093496,38831.53226626016,39736.09375,19463650,0.0,0.0
2018-03-09,39929.92162997588,40818.330080481,39768.392820793124,40172.21484375,14304400,0.0,0.0
2018-03-12,40834.48296139928,41012.1646515003,40042.991796403796,40172.21484375,8688950,0.0,0.0
2018-03-13,40996.02251197735,41722.90234375,40672.964808967285,41722.90234375,20098700,0.0,0.0
2018-03-14,41205.999649826124,41997.490823029366,41189.84676874034,41803.65625,12713250,0.0,0.0
2018-03-15,41997.49284536282,42013.64572722643,41206.00163404638,41625.9765625,8882450,0.0,0.0
2018-03-16,41367.52949470816,41529.05830960354,40576.038301720764,41302.91796875,12184900,0.0,0.0
2018-03-19,40882.94208834253,41464.445808287346,40737.56615835633,40979.859375,8218850,0.0,0.0
2018-03-20,40947.56458282471,41351.38671875,40462.978019714355,41351.38671875,8193250,0.0,0.0
2018-03-21,41819.80443503966,41819.80443503966,41238.30078125,41238.30078125,8905200,0.0,0.0
2018-03-22,41238.31258600087,41819.81640625,41222.15970210506,41819.81640625,8454100,0.0,0.0
2018-03-23,40656.80181516492,40963.70655671762,40059.145213193886,40156.0625,14854950,0.0,0.0
2018-03-26,39913.76601189588,40608.33984375,39606.861295495226,40608.33984375,10057750,0.0,0.0
2018-03-27,40640.65369897959,40753.72388017707,39639.17495123049,40366.0546875,11874000,0.0,0.0
2018-03-28,39655.3193098691,39655.3193098691,39041.50988674281,39332.26171875,15159450,0.0,0.0
2018-03-29,39620.269223784155,40319.929008844825,39311.117225734095,39896.87890625,10067000,354.0,0.0
2018-03-30,39929.426100289515,40596.543651272346,39929.426100289515,40043.32421875,7777100,0.0,0.0
2018-04-02,39864.33426362278,40043.31698888803,39457.55534256541,39490.09765625,7115650,0.0,0.0
2018-04-03,38953.15235349127,39164.67740804239,38465.017612219446,39148.40625,12768250,0.0,0.0
2018-04-04,39180.94049712276,39262.29627058024,38172.12890625,38172.12890625,12384200,0.0,0.0
2018-04-05,38562.641102662084,40173.48560441885,38513.827632911874,39652.80859375,13245600,0.0,0.0
2018-04-06,39050.76833677686,39522.63178751292,38562.63373256715,39376.19140625,12532700,0.0,0.0
2018-04-09,39262.310146722564,40222.30861280488,39213.49666539634,40027.0546875,9950400,0.0,0.0
2018-04-10,39490.089608799615,40043.30882870039,39083.310770637276,39766.69921875,10984350,0.0,0.0
2018-04-11,40596.53768419976,40596.53768419976,39538.91245395006,39750.4375,10051100,0.0,0.0
2018-04-12,40222.301403061225,40222.301403061225,39766.70899234694,39864.3359375,12466250,0.0,0.0
2018-04-13,40352.47201305221,40824.335597075806,40189.76043235442,40515.18359375,10278300,0.0,0.0
2018-04-16,40938.23274855979,41166.02895622268,40563.99612168504,40954.50390625,7877450,0.0,0.0
2018-04-17,40873.14220688275,41117.20953693978,40531.44794480292,40661.6171875,7772000,0.0,0.0
2018-04-18,41491.45119925526,41784.33203125,41149.75689526139,41784.33203125,13462600,0.0,0.0
2018-04-19,42305.006927339906,43102.29359635516,41930.77032759805,42939.58203125,17190550,0.0,0.0
2018-04-20,42142.29587914084,42516.532483472976,41833.14390164907,41995.85546875,11761000,0.0,0.0
2018-04-23,41491.44260296243,42370.084916907515,41491.44260296243,42223.64453125,11619000,0.0,0.0
2018-04-24,42174.83873365042,42191.10989056926,40742.97692479192,41052.12890625,15770300,0.0,0.0
2018-04-25,40043.31812531002,41084.67219277034,40043.31812531002,41003.31640625,16614600,0.0,0.0
2018-04-26,41019.59052700662,42435.181314729576,41003.319368527045,42418.91015625,18046550,0.0,0.0
2018-04-27,43427.71839180424,43639.243434551885,42662.97400648585,43118.56640625,30310800,0.0,0.0
2018-04-30,43118.56640625,43118.56640625,43118.56640625,43118.56640625,0,0.0,0.0
2018-05-02,43118.56640625,43118.56640625,43118.56640625,43118.56640625,0,0.0,0.0
2018-05-03,43118.56640625,43118.56640625,43118.56640625,43118.56640625,0,0.0,0.0
2018-05-04,43118.557999157034,43850.759927444604,42142.28876144027,42223.64453125,39565391,0.0,50.0
2018-05-08,42793.14453125,43281.27925974334,42223.65401467443,42793.14453125,23104720,0.0,0.0
2018-05-09,42793.13803106581,42955.84958251473,41410.08984375,41410.08984375,16128305,0.0,0.0
2018-05-10,42060.949551841084,42060.949551841084,41166.035731589145,41979.59375,13905263,0.0,0.0
2018-05-11,42305.01005116959,42467.72162828947,41654.163742690056,41735.51953125,10314997,0.0,0.0
2018-05-14,41491.45607223054,41572.8118684506,40596.542313809885,40759.25390625,14909272,0.0,0.0
2018-05-15,40840.61270960366,41003.324314024394,39945.69888528964,40027.0546875,18709146,0.0,0.0
2018-05-16,40027.04676529589,40840.604626379136,39986.36887224173,40555.859375,15918683,0.0,50.0
2018-05-17,40921.95987790992,41084.67144800101,40189.7578125,40189.7578125,10365440,0.0,0.0
2018-05-18,40596.5324810606,40596.5324810606,40149.07571022727,40271.109375,6706570,0.0,0.0
2018-05-21,40393.145390625,40840.6021875,39945.688593750005,40677.890625,9020998,0.0,0.0
2018-05-23,41166.0236335666,42305.0045246139,41003.3120777027,42142.29296875,17095490,0.0,0.0
2018-05-24,42305.009727626464,42305.009727626464,41572.80763618677,41816.875,8289275,0.0,0.0
2018-05-25,41491.447832661295,42955.85187381404,41328.736272533206,42874.49609375,15207266,0.0,0.0
2018-05-28,42711.78970482791,43118.568654397706,42305.010755258125,42549.078125,9787820,0.0,0.0
2018-05-29,42467.72162828947,42711.7889939693,41735.51953125,41735.51953125,8480437,0.0,0.0
2018-05-30,41735.51335227273,41898.22490530303,39945.68626893939,40271.109375,20498098,0.0,0.0
2018-05-31,41003.31934171598,41328.74251109468,40555.86248382027,41247.38671875,63491109,0.0,0.0
2018-06-01,41084.67322277047,42060.94268548977,40637.216385690794,41735.51953125,13038499,0.0,0.0
2018-06-04,41328.74122431507,41654.16438356164,41247.38543450342,41572.80859375,9767171,0.0,0.0
2018-06-05,41572.80795413012,41816.875319809944,41003.31743421053,41735.51953125,9144100,0.0,0.0
2018-06-07,42142.29276803359,42142.29276803359,41084.667659955536,41166.0234375,13590016,0.0,0.0
2018-06-08,40840.60921764854,41003.3208081571,40352.47444612286,40393.15234375,16951706,0.0,0.0
2018-06-11,40474.50537794339,40921.96222131763,40149.082219125754,40596.5390625,10571312,0.0,0.0
2018-06-12,40433.82516763664,40515.18095268219,40067.72413493168,40189.7578125,12110569,0.0,0.0
2018-06-14,39864.33455977697,39864.33455977697,39213.48828125,39213.48828125,20971729,0.0,0.0
2018-06-15,39457.55939303515,39620.27097816107,38766.03515625,38766.03515625,17080892,0.0,0.0
2018-06-18,38725.34676770386,38766.02465296405,37586.36598041845,37911.7890625,16661870,0.0,0.0
2018-06-19,38399.92247340425,38521.95612533244,37830.43209773936,38237.2109375,15217971,0.0,0.0
2018-06-20,38603.311893284575,38725.34554521277,38115.17728557181,38237.2109375,12959316,0.0,0.0
2018-06-21,38969.42661563496,38969.42661563496,38277.90234375,38277.90234375,10015541,0.0,0.0
2018-06-22,38237.22767857143,38440.6171875,37586.38125,38440.6171875,10298006,0.0,0.0
2018-06-25,38277.89184753483,38277.89184753483,37545.68987808146,37952.46875,10587711,0.0,0.0
2018-06-26,37342.29749002659,38481.278241356384,37342.29749002659,38237.2109375,11223166,0.0,0.0
2018-06-27,38603.318744297445,39457.554459397805,38237.21772354015,39010.09765625,15274752,0.0,0.0
2018-06-28,38398.67575620994,38644.558418469554,38193.77353766026,38357.6953125,12784800,354.0,0.0
2018-06-29,37906.89486619105,38644.54255007369,37865.91443930868,38234.73828125,14099635,0.0,0.0
2018-07-02,38111.80802346322,38644.55372701701,37292.19924876509,37333.1796875,13112253,0.0,0.0
2018-07-03,37497.101799498916,38070.82794725081,37497.101799498916,37824.9453125,10959655,0.0,0.0
2018-07-04,38275.734146959454,38562.59725084459,37742.98838260135,37906.91015625,8776763,0.0,0.0
2018-07-05,37783.968673490206,38152.792662710825,37374.16424102285,37661.02734375,7039773,0.0,0.0
2018-07-06,37292.20281180401,37579.065910356345,36595.53528674833,36800.4375,17843706,0.0,0.0
2018-07-09,37292.207074081685,37783.97244209156,37046.324390076756,37374.16796875,11602464,0.0,0.0
2018-07-10,37865.91414686825,38152.777132829375,37783.9532937365,37947.875,10528665,0.0,0.0
2018-07-11,38029.851358695654,38070.83180197011,37210.242493206526,37702.0078125,11224077,0.0,0.0
2018-07-12,37620.03484718407,37906.89785800137,37251.21097613324,37292.19140625,11828104,0.0,0.0
2018-07-13,37538.08629032258,38111.8125,37497.1058467742,38111.8125,11543389,0.0,0.0
2018-07-16,38357.694930781756,38357.694930781756,37702.00783794788,37742.98828125,7678719,0.0,0.0
2018-07-17,37824.94906539667,37865.92950858778,37374.16419029444,37579.06640625,8892953,0.0,0.0
2018-07-18,38275.7303806391,38685.53477443609,38070.8281837406,38152.7890625,10952645,0.0,0.0
2018-07-19,38562.59758128998,38685.538912579956,38193.773587420044,38439.65625,9880128,0.0,0.0
2018-07-20,38521.61354056902,39013.37881981033,38275.730900948365,38890.4375,10474547,0.0,0.0
2018-07-23,38603.57782258064,38685.53870967742,37824.94939516129,38111.8125,10823782,0.0,0.0
2018-07-24,37988.86706900054,38193.769264626215,37661.023555999454,37824.9453125,8261363,0.0,0.0
2018-07-25,37906.90619075027,38152.788825501084,37620.04311687432,37824.9453125,7222471,0.0,0.0
2018-07-26,37783.969149786775,38521.61713752665,37702.008262260126,38439.65625,7374946,0.0,0.0
2018-07-27,38070.83225613006,38521.61713752665,38070.83225613006,38439.65625,4762460,0.0,0.0
2018-07-30,38152.79294354839,38357.69516129032,37988.87116935484,38111.8125,5723035,0.0,0.0
2018-07-31,37865.92971283784,38070.831929898646,37702.007939189185,37906.91015625,8033607,0.0,0.0
2018-08-01,37742.98466870301,38398.67169877819,37742.98466870301,38152.7890625,7484499,0.0,0.0
2018-08-02,38152.78846219813,38357.69065587266,37292.19924876509,37333.1796875,8560924,0.0,0.0
2018-08-03,37579.05069586749,37620.03112192623,37251.20728739754,37497.08984375,8274944,0.0,0.0
2018-08-06,37824.949039642466,37824.949039642466,37497.10549433679,37538.0859375,6771979,0.0,0.0
2018-08-07,37947.886952957706,38316.710908224035,37620.04343716542,38275.73046875,9058174,0.0,0.0
2018-08-08,38521.61708733974,38521.61708733974,38152.79309395032,38357.6953125,6429338,0.0,0.0
2018-08-09,38521.61713752665,38562.59758128998,38070.83225613006,38439.65625,12010886,0.0,0.0
2018-08-10,37824.940890005506,38029.84306167401,36759.449597329294,37210.234375,16670643,0.0,0.0
2018-08-13,36841.40632803829,36964.34761723086,36595.52374965316,36923.3671875,9803831,0.0,0.0
2018-08-14,36759.4494263912,37210.23420196567,36759.4494263912,37005.33203125,6409259,0.0,0.0
2018-08-16,35898.85582627119,36595.52311970339,35816.89496822034,36267.6796875,10088229,0.0,0.0
2018-08-17,36103.773459644275,36390.63658588436,36103.773459644275,36144.75390625,6808747,0.0,0.0
2018-08-20,35652.98068700114,36226.706812998855,35652.98068700114,35939.84375,7289124,0.0,0.0
2018-08-21,35816.90301513672,36800.433532714844,35816.90301513672,36718.47265625,9520270,0.0,0.0
2018-08-22,37005.328849478035,37865.91789248915,36800.42669638015,37783.95703125,11641656,0.0,0.0
2018-08-23,37824.945342092804,37865.92578125,37456.12138967803,37865.92578125,6730918,0.0,0.0
2018-08-24,37620.04311687432,38029.84750812568,37333.18004299837,37824.9453125,6582535,0.0,0.0
2018-08-27,37783.9532937365,38152.777132829375,37701.99244060475,37947.875,5263782,0.0,0.0
2018-08-28,38357.691259398496,38480.632577537595,37947.886865601504,38152.7890625,7365976,0.0,0.0
2018-08-29,38316.71486879006,38357.6953125,38029.851762820515,38357.6953125,5572374,0.0,0.0
2018-08-30,38480.637063057446,39300.245946189665,38275.734842274396,39054.36328125,12193231,0.0,0.0
2018-08-31,38603.574980650155,39710.046875,38521.614099587205,39710.046875,13577454,0.0,0.0
2018-09-03,39505.144099051635,39587.104978925185,38767.49618018967,38890.4375,8595084,0.0,0.0
2018-09-04,38972.402392936776,39177.30461371983,38685.5392838405,39054.36328125,6791255,0.0,0.0
2018-09-05,38767.48775315183,38890.42904623793,38029.83999463519,38193.76171875,9139998,0.0,0.0
2018-09-06,37865.91789248915,38029.839614967466,37538.07444753254,37783.95703125,9040553,0.0,0.0
2018-09-07,36472.593958797326,37046.320155902,36390.63307349666,36800.4375,18285508,0.0,0.0
2018-09-10,37251.21097613324,37333.17183636676,36882.38710508242,37292.19140625,9979838,0.0,0.0
2018-09-11,37333.17148480855,37620.034492924526,36923.3671875,36923.3671875,9865790,0.0,0.0
2018-09-12,36800.44125280584,36964.36304012346,36472.5976781706,36513.578125,12995269,0.0,0.0
2018-09-13,36513.57395271708,36677.495721303916,36062.78908910329,36103.76953125,18277942,0.0,0.0
2018-09-14,36882.39887200109,37579.06640625,36800.43798561886,37579.06640625,12446344,0.0,0.0
2018-09-17,37333.17550439507,37538.07767511074,36800.42986053433,37005.33203125,8123384,0.0,0.0
2018-09-18,36841.40667496566,37620.03484718407,36636.50452438187,37292.19140625,9987090,0.0,0.0
2018-09-19,37702.00399512459,37865.92575162513,37456.12136037378,37824.9453125,9367454,0.0,0.0
2018-09-20,38398.6759796627,39013.38263888889,38029.85198412698,38726.51953125,13536966,0.0,0.0
2018-09-21,38152.78188043908,38972.390513746046,38152.78188043908,38849.44921875,14476906,0.0,0.0
2018-09-27,38770.18258223684,39224.359375,38357.29458881579,39224.359375,15804586,354.0,0.0
2018-09-28,39017.91770384822,39017.91770384822,38233.43046959096,38357.296875,11270515,0.0,0.0
2018-10-01,38357.30026715885,38646.321905339806,37820.545796251354,38274.72265625,6354983,0.0,0.0
2018-10-02,38357.296870726204,38563.74087971827,37737.96484375,37737.96484375,6607188,0.0,0.0
2018-10-04,37283.778811870805,37655.37793624161,36912.1796875,36912.1796875,11865327,0.0,0.0
2018-10-05,36994.75727069351,37572.8003530481,36788.31331270973,36912.1796875,10544165,0.0,0.0
2018-10-08,36499.293103448275,37325.06896551724,36499.293103448275,37118.625,6759464,0.0,0.0
2018-10-10,37366.35574037665,37572.79969474338,36747.02387727649,37407.64453125,10341349,0.0,0.0
2018-10-11,36334.13971867749,36870.89405543068,35590.94140625,35590.94140625,19324537,0.0,0.0
2018-10-12,35673.516051136365,36870.89101118608,35673.516051136365,36334.13671875,12640906,0.0,0.0
2018-10-15,36375.436206835046,36375.436206835046,35797.392952696915,36168.9921875,7434522,0.0,0.0
2018-10-16,36086.401797233375,36458.000900408544,35797.38027254157,36003.82421875,6825677,0.0,0.0
2018-10-17,36458.01953125,36747.04120363817,36334.1531002265,36458.01953125,8306193,0.0,0.0
2018-10-18,36292.85209456584,36705.74005923666,36086.40811223042,36375.4296875,8347725,0.0,0.0
2018-10-19,36251.55859375,36458.00254929527,35879.959473768504,36251.55859375,7842520,0.0,0.0
2018-10-22,35879.95757839409,36292.84546767365,35673.51363375431,35962.53515625,8357648,0.0,0.0
2018-10-23,35756.09631787166,35879.96270234466,35136.764395506674,35549.65234375,9531231,0.0,0.0
2018-10-24,35549.665444146594,35590.954254186254,34889.04448351204,35136.77734375,13522825,0.0,0.0
2018-10-25,33526.49439786585,34310.98133574695,33485.205611661586,33856.8046875,19338170,0.0,0.0
2018-10-26,33939.38225990853,34104.537404725605,33361.339253048776,33856.8046875,14413864,0.0,0.0
2018-10-29,33732.948218599035,34641.301781400965,33485.21542874396,34187.125,14460521,0.0,0.0
2018-10-30,34187.12990702479,35508.371642561986,33856.819473140495,34971.6171875,14205190,0.0,0.0
2018-10-31,35425.79034308667,35797.389542489684,34434.85914467865,35012.90234375,17621480,0.0,0.0
2018-11-01,35054.17801935053,35467.06586410142,34806.4453125,34806.4453125,13423132,0.0,0.0
2018-11-02,35549.66570374434,36540.59715193233,35343.221652038505,36458.01953125,16517112,0.0,0.0
2018-11-05,36127.703383632994,36168.9921875,35425.79371789384,36168.9921875,9426777,0.0,0.0
2018-11-06,36127.69921875,36168.98801785715,35467.07843303571,36127.69921875,7713625,0.0,0.0
2018-11-07,36003.82638494318,36747.02463600852,35838.67121803977,36334.13671875,11553998,0.0,0.0
2018-11-08,37077.33922744041,37201.20561684166,36375.4296875,36375.4296875,12617397,0.0,0.0
2018-11-09,36705.733554952036,37036.04386815745,36251.55687429458,36581.8671875,7318500,0.0,0.0
2018-11-12,36210.272858476215,37366.35910709347,36086.406474695796,37325.0703125,8552566,0.0,0.0
2018-11-13,36251.565660112356,36747.03125,35838.67766853933,36747.03125,9311126,0.0,0.0
2018-11-14,36747.02124078798,36747.02124078798,36168.978210034016,36416.7109375,6783344,0.0,0.0
2018-11-15,36375.430746822036,36623.16353283898,35921.25397245763,36540.5859375,5864067,0.0,0.0
2018-11-16,36829.60221946023,36953.46859463779,36086.40396839489,36334.13671875,7777124,0.0,0.0
2018-11-19,36375.431481779786,36540.58667579467,35879.96589973511,36045.12109375,7538720,0.0,0.0
2018-11-20,35054.17772981163,35508.35435528622,34765.15624087325,35343.19921875,9420664,0.0,0.0
2018-11-21,34517.42742354513,34930.31531138658,34517.42742354513,34765.16015625,10769589,0.0,0.0
2018-11-22,34682.59993374559,35219.35445652974,34682.59993374559,35054.19921875,5970796,0.0,0.0
2018-11-23,35054.19114368367,35178.05754348467,34600.01434441333,35012.90234375,5192638,0.0,0.0
2018-11-26,34806.46324823944,35343.217723004695,34765.17444248826,35178.0625,6613009,0.0,0.0
2018-11-27,35425.785959277004,35590.94113857433,35095.475600682345,35549.65234375,8367091,0.0,0.0
2018-11-28,35343.20502607184,35673.515353418305,35301.916235153534,35632.2265625,6943099,0.0,0.0
2018-11-29,36210.269635356315,36210.269635356315,35425.782607908455,35632.2265625,8473511,0.0,0.0
2018-11-30,35879.95603251941,36334.1326911589,34476.13726945191,34558.71484375,19775519,0.0,0.0
2018-12-03,35301.91291094653,35838.66714234104,35012.8914017341,35714.80078125,12110702,0.0,0.0
2018-12-04,35219.33315725089,35425.777079626336,34600.001390124555,34806.4453125,14347746,0.0,0.0
2018-12-05,33774.237277593485,34476.14685426719,33732.94847896562,34228.4140625,12631983,0.0,0.0
2018-12-06,33526.49945987654,33939.38738425926,33402.633082561726,33443.921875,14251826,0.0,0.0
2018-12-07,33774.234642094016,34187.122596153844,33732.94584668803,33815.5234375,11433083,0.0,0.0
2018-12-10,33402.63931319963,33567.79451375933,33031.0401119403,33196.1953125,14892263,0.0,0.0
2018-12-11,33526.50991847826,33609.087529114906,33196.19947593167,33237.48828125,10638766,0.0,0.0
2018-12-12,33237.48541795427,33609.08463380717,33154.9078144314,33402.640625,12024279,0.0,0.0
2018-12-13,33567.78153808594,33650.359106445314,33031.02734375,33031.02734375,26254646,0.0,0.0
2018-12-14,33196.19459042041,33196.19459042041,31957.53061316592,32163.974609375,19671783,0.0,0.0
2018-12-17,31916.238997146393,32700.72611350575,31916.238997146393,32329.126953125,11532968,0.0,0.0
2018-12-18,31627.21611403438,32370.414403920306,31627.21611403438,32122.681640625,11042101,0.0,0.0
2018-12-19,32122.678823329607,32494.27793568175,32081.390033068255,32287.833984375,9942037,0.0,0.0
2018-12-20,31874.95533837322,32287.84336089101,31792.377733869664,31916.244140625,11937617,0.0,0.0
2018-12-21,31544.64492035899,31916.244140625,31462.067315855435,31916.244140625,14947080,0.0,0.0
2018-12-24,31792.372694507085,32246.549447285757,31627.21751167848,32040.10546875,9729530,0.0,0.0
2018-12-26,31709.79074315515,31998.8122733662,31627.21316309485,31668.501953125,12707675,0.0,0.0
2018-12-27,32255.270266544117,32338.617218137253,31755.188556985293,31880.208984375,10510643,354.0,0.0
2018-12-28,31880.206327216572,32421.961467417637,31838.532854893412,32255.267578125,9900267,0.0,0.0
2019-01-02,32838.688608870965,32838.688608870965,32130.239742943548,32296.93359375,7847664,0.0,0.0
2019-01-03,31921.883763090093,32130.251150577627,31213.434645632482,31338.455078125,12471493,0.0,0.0
2019-01-04,31213.4375,31338.457943925234,30713.355724299065,31213.4375,14108958,0.0,0.0
2019-01-07,31671.831653225803,32421.953981854836,31505.137802419355,32296.93359375,12748997,0.0,0.0
2019-01-08,31671.848343175854,32672.011975065616,31630.17485851378,31755.1953125,12756554,0.0,0.0
2019-01-09,32213.598450323545,33005.39453125,31921.884104719065,33005.39453125,17452708,0.0,0.0
2019-01-10,33338.77198492462,33463.79237986809,33005.38426507538,33172.078125,14731699,0.0,0.0
2019-01-11,33630.487413194445,33797.18127893518,33297.09968171296,33755.5078125,11661063,0.0,0.0
2019-01-14,33713.8330309769,33922.200355024965,33213.751453261546,33380.4453125,11984996,0.0,0.0
2019-01-15,33380.44703752281,34255.58984375,33213.75316967001,34255.58984375,11492756,0.0,0.0
2019-01-16,34297.27163751508,34547.3125,33922.210343787694,34547.3125,8491595,0.0,0.0
2019-01-17,34755.67172601311,35089.059464392136,34547.30438952622,34964.0390625,11736903,0.0,0.0
2019-01-18,35005.71697695035,35339.10475768321,34964.04350435874,35255.7578125,11029256,0.0,0.0
2019-01-21,35589.154641812864,35630.828125,34922.37891081871,35630.828125,11355701,0.0,0.0
2019-01-22,35630.8120412589,35714.15897001038,34880.68968249555,35130.73046875,9964356,0.0,0.0
2019-01-23,34463.97127046131,35214.09398251488,34463.97127046131,35005.7265625,11071079,0.0,0.0
2019-01-24,35880.86328125,35922.53675776713,35297.43461001016,35880.86328125,14747623,0.0,0.0
2019-01-25,36922.70816166201,37297.76953125,36464.29982105447,37297.76953125,22789395,0.0,0.0
2019-01-28,37506.12730646504,37922.86205431465,37172.739508185354,37547.80078125,17998914,0.0,0.0
2019-01-29,37547.79812843407,37922.859375,36964.369522664834,37922.859375,16215017,0.0,0.0
2019-01-30,37339.433189655174,38672.984375,37339.433189655174,38672.984375,17505980,0.0,0.0
2019-01-31,38881.3558834981,39214.74371529659,38464.62109375,38464.62109375,21621145,0.0,0.0
2019-02-01,38881.36515220469,39131.406085659386,38547.97724093177,38631.32421875,13832454,0.0,0.0
2019-02-07,39006.37469561688,39256.41555905032,38506.29296875,38506.29296875,15872001,0.0,0.0
2019-02-08,38089.556143624446,38089.556143624446,37214.41316877093,37339.43359375,12689196,0.0,0.0
2019-02-11,37089.394140625,37506.12890625,36881.0267578125,37506.12890625,11125044,0.0,0.0
2019-02-12,37214.416047434854,38547.967350366445,37214.416047434854,38381.2734375,13184367,0.0,0.0
2019-02-13,38672.986877705625,38923.02774113907,38339.599059794375,38506.29296875,11299738,0.0,0.0
2019-02-14,38839.68207236842,39589.8046875,38464.62076480263,39589.8046875,17259341,0.0,0.0
2019-02-15,38964.70213253257,39048.049088965796,38047.8856117671,38381.2734375,10554643,0.0,0.0
2019-02-18,38756.33383218344,39048.048172855786,38214.57862807765,38506.29296875,8183728,0.0,0.0
2019-02-19,38214.57882633977,38464.61969107046,37881.19100669886,38297.92578125,6741395,0.0,0.0
2019-02-20,38964.70611507196,39256.420492404046,38756.33870269189,39089.7265625,11506720,0.0,0.0
2019-02-21,38756.3332418131,39339.7619142705,38506.2923821885,39131.39453125,8694009,0.0,0.0
2019-02-22,38756.33077611347,39298.0859375,38714.65730216066,39298.0859375,6895772,0.0,0.0
2019-02-25,39506.454725448784,39631.475151795144,39214.74039730729,39464.78125,7484716,0.0,0.0
2019-02-26,39464.79278910428,39548.139764371655,38756.343499331546,38964.7109375,7985547,0.0,0.0
2019-02-27,39173.07837566845,39381.445813836894,38964.7109375,38964.7109375,8045211,0.0,0.0
2019-02-28,38672.982954545456,38756.329900568184,37589.47265625,37589.47265625,23569321,0.0,0.0
2019-03-04,38339.59935897436,38422.94631410256,37339.4358974359,37381.109375,12926539,0.0,0.0
2019-03-05,37172.74562146893,37589.48043785311,36797.68428672317,36881.03125,10612405,0.0,0.0
2019-03-06,36672.65625,36922.697088068184,36422.615411931816,36672.65625,10202544,0.0,0.0
2019-03-07,36172.575787401576,37464.45349409449,36172.575787401576,37047.71875,11049749,0.0,0.0
2019-03-08,37047.727958226315,37339.442351598176,36505.97265625,36505.97265625,7729069,0.0,0.0
2019-03-11,37006.05143900344,37047.72492035367,36380.94921875,36380.94921875,10717408,0.0,0.0
2019-03-12,36922.699730543114,37464.454918463045,36797.67930256159,37214.4140625,11431977,0.0,0.0
2019-03-13,36881.02056905645,37047.71444733466,36422.61240379134,36547.6328125,8108343,0.0,0.0
2019-03-14,36422.61240379134,36922.694038626,36297.59199508267,36547.6328125,18039161,0.0,0.0
2019-03-15,36505.959894654974,36881.02112644938,36422.61295425622,36839.34765625,16814163,0.0,0.0
2019-03-18,36630.9884913115,36797.6824093607,36214.2536961885,36422.62109375,8188876,0.0,0.0
2019-03-19,36464.288177142655,36589.30859375,36297.59428833286,36589.30859375,7609563,0.0,0.0
2019-03-20,36505.96465309308,36839.35245814415,35922.53599425369,36714.33203125,9846242,0.0,0.0
2019-03-21,37172.74500749727,38547.96987885087,36714.33671704607,38214.58203125,21138016,0.0,0.0
2019-03-22,39048.04867917562,39173.069112513425,38547.96694582438,38798.0078125,12535911,0.0,0.0
2019-03-25,37756.165487637365,38047.87979052198,37339.43076923077,37922.859375,8699728,0.0,0.0
2019-03-26,37922.87133114641,38089.56527106353,37422.78951139503,37714.50390625,9729811,0.0,0.0
2019-03-27,37297.75816996279,38006.207207828,36881.02344180678,37797.83984375,9568081,0.0,0.0
2019-03-28,37759.197977633776,37969.204640468226,37213.180654264215,37675.1953125,6821306,354.0,0.0
2019-03-29,37381.1835106383,37717.19414893617,37129.175531914894,37507.1875,11491713,0.0,0.0
2019-04-01,37969.20321170921,38179.209866641235,37675.19389480438,37843.19921875,7362129,0.0,0.0
2019-04-02,38263.20175461066,38725.21626536885,38095.19647797131,38431.20703125,9480688,0.0,0.0
2019-04-03,39271.24618595762,39271.24618595762,38473.22086239271,39145.2421875,12436570,0.0,0.0
2019-04-04,38767.2325404353,39565.257912340254,38767.2325404353,39439.25390625,12650168,0.0,0.0
2019-04-05,39439.244838914085,39943.26074739861,39145.235558964785,39355.2421875,8546339,0.0,0.0
2019-04-08,39691.26212067926,39691.26212067926,38767.23273797562,39187.24609375,8507909,0.0,0.0
2019-04-09,39229.247429327435,39439.25410721463,38809.23407355305,39187.24609375,6878761,0.0,0.0
2019-04-10,38977.23032655246,39229.23828125,38683.221046072,39229.23828125,11883995,0.0,0.0
2019-04-11,39229.24244087838,39313.24510135135,38767.22780827703,38851.23046875,13697399,0.0,0.0
2019-04-12,38683.2209761873,39397.243513207046,38641.219650480256,39355.2421875,7668936,0.0,0.0
2019-04-15,39607.264400405154,39901.273786198195,39481.26037792242,39523.26171875,8733019,0.0,0.0
2019-04-16,39817.26572420635,39817.26572420635,39313.249702380956,39691.26171875,7730881,0.0,0.0
2019-04-17,39733.268422887886,39985.27646785334,39481.26037792242,39523.26171875,5513658,0.0,0.0
2019-04-18,39649.2695997807,39691.27094469572,38221.22387266996,38305.2265625,12808747,0.0,0.0
2019-04-19,38431.215076572844,38641.22171633554,38011.20179704746,38053.203125,8479710,0.0,0.0
2019-04-22,38137.2083620452,38557.22166999724,37885.20037727398,38095.20703125,6006957,0.0,0.0
2019-04-23,37843.20302561532,38221.21504251936,37801.20169040377,37969.20703125,6920566,0.0,0.0
2019-04-24,38137.22456354748,38347.231306738824,37087.190847590784,37591.20703125,13299267,0.0,0.0
2019-04-25,37171.17686170213,37801.19680851064,37045.17287234042,37507.1875,10868965,0.0,0.0
2019-04-26,37129.17798913043,37801.19931020067,36793.167328595315,37675.1953125,9739982,0.0,0.0
2019-04-29,37927.21527119448,38767.2421875,37885.2139253792,38767.2421875,8777517,0.0,0.0
2019-04-30,38641.22665621592,38893.23465614776,38095.20932303026,38515.22265625,11121273,0.0,0.0
2019-05-02,38221.204256876365,38767.221460546025,38137.20161015796,38557.21484375,8625126,0.0,0.0
2019-05-03,38557.21906043046,38683.223044288075,38053.203125,38053.203125,6562916,0.0,0.0
2019-05-07,38011.20597303512,38053.20730560201,37297.18331939799,37675.1953125,12014907,0.0,0.0
2019-05-08,37213.18884180791,37675.20360169491,37129.18615819209,37171.1875,10398754,0.0,0.0
2019-05-09,36877.179586277976,37171.18899072438,35659.140625,35659.140625,23029718,0.0,0.0
2019-05-10,35785.13652753497,36499.15920472756,35659.13252567744,36037.14453125,14579512,0.0,0.0
2019-05-13,35701.14439844666,36289.16324736225,35575.14035939332,35827.1484375,7635079,0.0,0.0
2019-05-14,34693.11208601993,36205.160554660026,34693.11208601993,35827.1484375,11563730,0.0,0.0
2019-05-15,35869.15248604583,36163.161932652765,35743.1484375,35743.1484375,7670185,0.0,0.0
2019-05-16,35575.13073480746,35617.13206979543,34735.104035048134,34903.109375,13687828,0.0,0.0
2019-05-17,35239.10968313865,35323.112328390474,34315.080585368625,34609.08984375,13357951,0.0,0.0
2019-05-20,34987.123372395836,35365.13550967262,34903.12067522321,35281.1328125,15752397,0.0,0.0
2019-05-21,35785.141512166854,36919.177686848205,35575.134813151795,36247.15625,18812133,0.0,0.0
2019-05-22,36709.165490301726,36793.168157327586,35617.13081896552,36541.16015625,11033339,0.0,0.0
2019-05-23,36877.16538982326,36961.168044469785,36331.14813462087,36835.1640625,12259006,0.0,0.0
2019-05-24,36793.16600190281,36793.16600190281,35617.1287324356,35869.13671875,13966305,0.0,0.0
2019-05-27,35701.14439844666,36121.1578619578,35575.14035939332,35827.1484375,8066669,0.0,0.0
2019-05-28,35743.1484375,36079.15923362221,35407.13764137779,35743.1484375,24506881,0.0,0.0
2019-05-29,35155.11461292613,35365.121271306816,34693.09996448863,35113.11328125,14930618,0.0,0.0
2019-05-30,35449.13899089307,35869.15248604583,35407.13764137779,35743.1484375,11766018,0.0,0.0
2019-05-31,35785.1315625,35953.136875,35407.119609375,35701.12890625,11365999,0.0,0.0
2019-06-03,36079.15679402112,36877.182380850456,35701.144673944065,36793.1796875,15466580,0.0,0.0
2019-06-04,36457.16272295742,36709.17076021289,36121.1520066168,36499.1640625,9913497,0.0,0.0
2019-06-05,37003.17587912871,37129.179883257406,36709.166536161734,36877.171875,12464135,0.0,0.0
2019-06-07,36625.15211397059,37255.17193244485,36499.14815027573,37129.16796875,11683682,0.0,0.0
2019-06-10,37213.18197195871,37675.196646554126,37003.175301688054,37633.1953125,8792182,0.0,0.0
2019-06-11,37633.19397993311,37801.19931020067,37423.187317098666,37675.1953125,6664872,0.0,0.0
2019-06-12,37633.20067264574,37843.207372827914,37213.187272281386,37465.1953125,8607439,0.0,0.0
2019-06-13,37129.17998214286,37297.18532142857,36457.158625,36751.16796875,16906541,0.0,0.0
2019-06-14,36751.16133256392,37087.17195046165,36373.14938742897,36961.16796875,9322873,0.0,0.0
2019-06-17,36751.1678708713,37003.17587912871,36457.15852790433,36877.171875,11890424,0.0,0.0
2019-06-18,36751.1791414177,37381.199355270575,36667.17644623732,37255.1953125,7994928,0.0,0.0
2019-06-19,38179.209692840406,38179.209692840406,37801.19771568357,38095.20703125,10417690,0.0,0.0
2019-06-20,37675.193638392855,38221.2109375,37675.193638392855,38221.2109375,7147785,0.0,0.0
2019-06-21,38431.223993948304,38473.22533164661,37969.20927926696,38389.22265625,9454913,0.0,0.0
2019-06-24,37969.2029532967,38473.218921703294,37969.2029532967,38221.2109375,6085066,0.0,0.0
2019-06-25,37969.215803179824,38473.23194216009,37969.215803179824,38305.2265625,7076774,0.0,0.0
2019-06-26,38473.22533164661,38641.230682439826,38305.21998085339,38389.22265625,9226097,0.0,0.0
2019-06-27,38942.87970430107,39450.83030913978,38731.23361895161,39366.171875,12603534,354.0,0.0
2019-06-28,39789.48046875,39789.48046875,39535.505061502656,39789.48046875,12949231,0.0,0.0
2019-07-01,40085.76634589592,40128.095560622314,39154.523621915236,39450.828125,11383522,0.0,0.0
2019-07-02,39112.20202702703,39704.81114864865,38815.897466216215,39154.53125,8463073,0.0,0.0
2019-07-03,38731.23027515831,39239.180836144,38265.6089275881,38434.92578125,9669368,0.0,0.0
2019-07-04,38307.94450577445,39112.19969429348,38307.94450577445,38942.8828125,6365573,0.0,0.0
2019-07-05,38900.54951482065,38900.54951482065,38307.940490655805,38646.57421875,7235395,0.0,0.0
2019-07-08,37884.6521985853,37926.98141891892,37546.01843591638,37588.34765625,7823843,0.0,0.0
2019-07-09,37969.31092797256,38477.26157583841,37842.3232660061,38180.95703125,7646421,0.0,0.0
2019-07-10,38561.92578125,39069.876505042535,38519.596554267286,38561.92578125,9253930,0.0,0.0
2019-07-11,39239.19079748377,39408.50769412879,39069.87390083875,39112.203125,10989751,0.0,0.0
2019-07-12,39239.18859678726,39281.51781857452,38773.56715712743,39196.859375,5245804,0.0,0.0
2019-07-15,38900.56316015204,39493.17239218918,38731.24623671286,39323.85546875,4717226,0.0,0.0
2019-07-16,39323.842824506406,39662.4765625,39196.855172758806,39662.4765625,7407824,0.0,0.0
2019-07-17,39069.87329075055,39239.19018475163,38900.55639674946,38985.21484375,5216602,0.0,0.0
2019-07-18,39323.839653097886,39323.839653097886,38646.57223173129,39027.53515625,5143554,0.0,0.0
2019-07-19,39493.16856971154,39747.14393028846,39450.83934294872,39620.15625,8819393,0.0,0.0
2019-07-22,39620.13976430085,40043.43185579979,39450.82292770127,39958.7734375,9009109,0.0,0.0
2019-07-23,40085.774535874734,40255.09142937368,39831.79919562632,40043.4453125,9061381,0.0,0.0
2019-07-24,39874.13262728987,39916.461855132,39154.5357539736,39281.5234375,8756522,0.0,0.0
2019-07-25,39916.444228350105,39958.7734375,39450.82292770127,39958.7734375,8408838,0.0,0.0
2019-07-26,39493.176398462354,39916.46875,39408.517928154826,39916.46875,7873886,0.0,0.0
2019-07-29,39620.14414994577,39831.790219122835,38942.87672857918,39027.53515625,6856846,0.0,0.0
2019-07-30,39196.853920515576,39662.47529538131,39196.853920515576,39408.5,5551014,0.0,0.0
2019-07-31,39112.206243109154,39450.84006339581,38096.30478224917,38392.609375,12872916,0.0,0.0
2019-08-01,38011.649612831854,38519.60038716814,37969.32038163717,38265.625,7811181,0.0,0.0
2019-08-02,37715.34273324527,38519.59807772525,37503.696589961066,38053.9765625,12151374,0.0,0.0
2019-08-05,37546.02050003555,37757.666613339024,36911.082160125145,37207.38671875,14214086,0.0,0.0
2019-08-06,35979.82983117816,37080.38933189656,35979.82983117816,36826.4140625,15083824,0.0,0.0
2019-08-07,36911.0830078125,37165.058349609375,36487.790771484375,36572.44921875,10002533,0.0,0.0
2019-08-08,36614.7788137456,36826.424934056275,36106.828125,36106.828125,16926881,0.0,0.0
2019-08-09,36614.783458864425,36699.44191772885,36445.466541135575,36530.125,9685147,0.0,0.0
2019-08-12,37249.71753432495,37249.71753432495,36868.75451408753,36995.7421875,8466169,0.0,0.0
2019-08-13,36826.42505450582,36826.42505450582,36360.803588299415,36403.1328125,7276979,0.0,0.0
2019-08-14,37165.0590853833,37461.36365667907,36826.42528961671,36995.7421875,8750135,0.0,0.0
2019-08-16,37080.41183798405,37165.0703125,36657.11946540433,37165.0703125,9528115,0.0,0.0
2019-08-19,37546.02036894352,37546.02036894352,36826.4235862242,36911.08203125,6014218,0.0,0.0
2019-08-20,37207.39903947553,37757.67911628234,36868.765146055965,37630.69140625,8434205,0.0,0.0
2019-08-21,37546.027931882025,37926.99101123596,37376.71100772472,37673.015625,6571717,0.0,0.0
2019-08-22,37673.025681044266,37842.34265039728,37122.74553064699,37292.0625,8061177,0.0,0.0
2019-08-23,37080.39905076792,37419.03283205347,36953.41138278584,37207.38671875,5017381,0.0,0.0
2019-08-26,36445.46058360809,37080.3989213016,36360.80213858228,36911.08203125,7954949,0.0,0.0
2019-08-27,36953.428561293986,37419.050227014755,36911.099318955734,37292.0625,16883932,0.0,0.0
2019-08-28,37334.3817065402,37588.35709229898,37038.07708982163,37376.7109375,5758333,0.0,0.0
2019-08-29,37419.04115063364,37419.04115063364,36445.46881300403,36741.7734375,10768862,0.0,0.0
2019-08-30,37038.07650479404,37503.69803799716,37038.07650479404,37249.72265625,9899073,0.0,0.0
2019-09-02,37969.31609856593,37969.31609856593,36953.414664490585,37080.40234375,7185537,0.0,0.0
2019-09-03,36868.75661127168,36953.4150650289,36487.79356936416,36614.78125,9774941,0.0,0.0
2019-09-04,36614.77820294785,37334.375,36530.11975623583,37334.375,12441837,0.0,0.0
2019-09-05,37926.99179431072,39027.55182405635,37630.68717091767,38688.91796875,18297430,0.0,0.0
2019-09-06,39366.17626214903,39366.17626214903,38815.89637891469,39196.859375,9896562,0.0,0.0
2019-09-09,39323.8456115072,39789.4670342484,39196.85795075959,39704.80859375,9434157,0.0,0.0
2019-09-10,39874.138937832446,39958.79740691489,39408.51735787899,39789.48046875,9231792,0.0,0.0
2019-09-11,40043.456455461295,40128.11492576882,39620.16410392365,39916.46875,16141619,0.0,0.0
2019-09-16,39789.47045846603,39874.12890625,39281.51977176221,39874.12890625,15550926,0.0,0.0
2019-09-17,39789.4670342484,39874.125474746805,39620.1501532516,39704.80859375,7006280,0.0,0.0
2019-09-18,39704.814408084385,40382.08203125,39620.15595518868,40382.08203125,10413027,0.0,0.0
2019-09-19,40678.374483405394,41651.946401322486,40509.057628115464,41609.6171875,16461413,0.0,0.0
2019-09-20,41821.27000762195,41990.5868902439,41567.294683689026,41651.953125,15460210,0.0,0.0
2019-09-23,41694.28405885522,41736.61328125,41482.63794688134,41736.61328125,7568553,0.0,0.0
2019-09-24,41524.96281960227,42032.91343513258,41355.645947758836,41905.92578125,7871955,0.0,0.0
2019-09-25,41651.9597392638,41778.94742139571,41313.3259202454,41397.984375,9187141,0.0,0.0
2019-09-26,41482.636242378045,41694.28234565548,41397.97780106707,41651.953125,8494756,0.0,0.0
2019-09-27,40930.55268595041,41527.45657928719,40930.55268595041,41271.640625,8048041,354.0,0.0
2019-09-30,40973.19027538863,41996.454132422274,40845.28229325943,41825.91015625,9497119,0.0,0.0
2019-10-01,41698.01100307063,41868.55501535312,41484.830987717505,41655.375,6206035,0.0,0.0
2019-10-02,41229.00473099396,41271.64072347689,40589.46484375,40589.46484375,8382463,0.0,0.0
2019-10-04,40418.91889648437,41484.81865641276,40376.28290608724,40930.55078125,9331695,0.0,0.0
2019-10-07,41229.01089250654,41527.46288448953,40632.106908540576,40717.37890625,7047273,0.0,0.0
2019-10-08,40845.2763372316,41783.26806940184,40589.46041027607,41697.99609375,14239367,0.0,0.0
2019-10-10,41101.09881887229,41953.818711380016,40930.55484037075,41399.55078125,18639855,0.0,0.0
2019-10-11,41783.271712868765,42166.99563676246,41612.727746693796,41911.1796875,7783275,0.0,0.0
2019-10-14,42635.9921875,42891.808140625,42508.0842109375,42635.9921875,11130635,0.0,0.0
2019-10-15,42550.7216504491,42806.537612275446,42550.7216504491,42721.265625,6058105,0.0,0.0
2019-10-16,43232.89453125,43403.43849389793,42977.078587278105,43232.89453125,9136282,0.0,0.0
2019-10-17,43062.359375,43147.63137376237,42721.27137995049,43062.359375,6701380,0.0,0.0
2019-10-18,42891.81061341433,43403.44254916082,42337.54268302229,42550.72265625,8483106,0.0,0.0
2019-10-21,42550.728403019384,42977.08840705766,42465.456402211734,42891.81640625,4406531,0.0,0.0
2019-10-22,43318.173736572266,43915.0777053833,43232.90174102783,43659.26171875,10898729,0.0,0.0
2019-10-23,43744.53371429443,43915.0777053833,43318.173736572266,43659.26171875,8663880,0.0,0.0
2019-10-24,44767.79019508136,44767.79019508136,43062.35056860207,43232.89453125,21185785,0.0,0.0
2019-10-25,43318.16941920432,43659.257367387036,43062.353458067286,43403.44140625,7879897,0.0,0.0
2019-10-28,43232.90316611842,43915.07915296053,43232.90316611842,43744.53515625,6431522,0.0,0.0
2019-10-29,43829.81211778375,44085.62814181751,43318.18006971624,43573.99609375,7581629,0.0,0.0
2019-10-30,43232.89406622024,43318.16604662698,42806.53416418651,42977.078125,8959435,0.0,0.0
2019-10-31,43488.71000744047,43829.797929067456,42891.806144593254,42977.078125,10304777,0.0,0.0
2019-11-01,43147.6297454834,43659.26171875,42977.08575439453,43659.26171875,8467846,0.0,0.0
2019-11-04,44085.61806883365,44597.25,43829.80210325048,44597.25,13012411,0.0,0.0
2019-11-05,44682.5160993833,44938.33203125,44426.7001675166,44938.33203125,10581034,0.0,0.0
2019-11-06,45108.88468134381,45620.5166437031,44938.340693890714,45449.97265625,14361133,0.0,0.0
2019-11-07,45535.24276346881,45535.24276346881,44682.52286153119,45108.8828125,9257116,0.0,0.0
2019-11-08,45364.69094889636,45449.962924364205,44341.42724328215,44426.69921875,11603290,0.0,0.0
2019-11-11,44511.987509084305,44511.987509084305,43829.81145530523,44000.35546875,8185952,0.0,0.0
2019-11-12,44170.9020318441,44853.078125,44000.35800855513,44853.078125,6576148,0.0,0.0
2019-11-13,44767.8046875,44767.8046875,44341.44464285715,44767.8046875,6225196,0.0,0.0
2019-11-14,44256.16916725852,45023.6171875,44256.16916725852,45023.6171875,12010018,0.0,0.0
2019-11-15,45108.8903704027,45791.06640625,44853.074356959965,45791.06640625,9703360,0.0,0.0
2019-11-18,45705.795443925235,45876.339456775706,45364.7074182243,45620.5234375,7746554,0.0,0.0
2019-11-19,45364.7074182243,45620.5234375,44938.34738609813,45620.5234375,8907177,0.0,0.0
2019-11-20,45535.24543269231,45535.24543269231,44341.4375,44341.4375,12560070,0.0,0.0
2019-11-21,44000.34283088235,44426.70274203431,43147.62300857843,43488.7109375,14298646,0.0,0.0
2019-11-22,43488.723428415695,44000.35546875,43403.45142169332,44000.35546875,8478310,0.0,0.0
2019-11-25,44511.9864563224,44853.07447514479,44085.6264327944,44170.8984375,9050625,0.0,0.0
2019-11-26,44256.1704422056,45108.89048926158,44170.8984375,44170.8984375,27372226,0.0,0.0
2019-11-27,44170.89637212644,44597.25637571839,44000.35237068965,44511.984375,7546261,0.0,0.0
2019-11-28,44256.16714638158,44426.71114309211,43744.53515625,43744.53515625,6833885,0.0,0.0
2019-11-29,43659.26441351889,43829.8084151342,42806.54440544235,42891.81640625,11179334,0.0,0.0
2019-12-02,43403.43802703373,43744.52594866071,42977.078125,42977.078125,18877252,0.0,0.0
2019-12-03,42465.45066695892,42891.81061341433,42209.63469908567,42550.72265625,12059812,0.0,0.0
2019-12-04,42294.89231547017,42508.07221625379,41783.26055358948,42166.984375,13246549,0.0,0.0
2019-12-05,42806.532749368685,42977.076704545456,42209.62890625,42209.62890625,10449715,0.0,0.0
2019-12-06,42721.26218377976,43403.43802703373,42593.35421316964,42977.078125,11414563,0.0,0.0
2019-12-09,43403.4457321167,43829.80570983887,43232.90174102783,43659.26171875,8470627,0.0,0.0
2019-12-10,43488.7104065534,44000.34229368932,43232.89446298544,43915.0703125,6882771,0.0,0.0
2019-12-11,43915.07221670279,44511.97611091041,43829.80023181599,44256.16015625,11379521,0.0,0.0
2019-12-12,45194.15667507036,45449.97265625,44938.340693890714,45449.97265625,29178697,0.0,0.0
2019-12-13,46473.2333680873,46729.04933158135,45961.60144109918,46643.77734375,18120261,0.0,0.0
2019-12-16,46473.2333680873,46814.32131941271,46302.68939242459,46643.77734375,11512405,0.0,0.0
2019-12-17,47581.770833333336,48349.21875,47240.68287037037,48349.21875,19358433,0.0,0.0
2019-12-18,48349.22472385657,48775.58473023979,47752.32071492007,48008.13671875,15558208,0.0,0.0
2019-12-19,48605.036342075895,48860.852322823666,47325.95643833705,47752.31640625,14180520,0.0,0.0
2019-12-20,47837.58839983259,48178.67637416295,47411.22843191965,47752.31640625,12095519,0.0,0.0
2019-12-23,47837.585050675676,48093.40101351351,46984.865174549544,47325.953125,9839252,0.0,0.0
2019-12-24,47411.23357954546,47496.505582386366,46729.05755681818,46899.6015625,11868463,0.0,0.0
2019-12-26,46643.77964942464,47240.68359375,46387.9636732852,47240.68359375,9645034,0.0,0.0
2019-12-27,47801.94872096239,48831.793217643804,47630.30797151549,48488.51171875,12313056,354.0,0.0
2019-12-30,48231.05890176971,48574.340459789426,47801.95695424507,47887.77734375,8356767,0.0,0.0
2020-01-02,47630.30485733695,48059.40670289855,47201.20301177536,47372.84375,12993228,0.0,0.0
2020-01-03,48059.40259009009,48574.3247606982,47115.37861064189,47630.30078125,15422255,0.0,0.0
2020-01-06,47115.37861064189,47716.12114301802,46857.917525337834,47630.30078125,10278951,0.0,0.0
2020-01-07,47801.95695424507,48402.69968077957,47716.13656474015,47887.77734375,10009778,0.0,0.0
2020-01-08,48231.050409881165,49260.89490261884,47973.58928669675,48745.97265625,23501171,0.0,0.0
2020-01-09,50119.09364334471,50290.734375,49260.88998506826,50290.734375,24102579,0.0,0.0
2020-01-10,50462.382352941175,51234.76575630252,50033.28046218487,51063.125,16000170,0.0,0.0
2020-01-13,51148.941171875005,51492.22265625,50719.83931640625,51492.22265625,11359139,0.0,0.0
2020-01-14,51835.504140625,52350.4263671875,51406.402285156255,51492.22265625,16906295,0.0,0.0
2020-01-15,51063.129270391946,51148.94965572034,50548.20695842161,50634.02734375,14300928,0.0,0.0
2020-01-16,50719.842720345965,52092.96875,50634.02234349259,52092.96875,14381774,0.0,0.0
2020-01-17,53122.81288234094,53208.633258564434,52350.429496329525,52607.890625,16025661,0.0,0.0
2020-01-20,53208.62868088942,53895.19163161058,52951.16757436899,53551.91015625,12528855,0.0,0.0
2020-01-21,53208.637138640064,53551.918668566774,52522.074078786645,52693.71484375,11142693,0.0,0.0
2020-01-22,51921.32699638844,53723.55487560193,51835.5066211878,53466.09375,15339565,0.0,0.0
2020-01-23,53036.99282997532,53036.99282997532,52092.968685752465,52178.7890625,14916555,0.0,0.0
2020-01-28,50977.312978316324,50977.312978316324,50033.28866390306,50462.390625,23664541,0.0,0.0
2020-01-29,50719.84375,51234.7660215736,50462.382614213195,50719.84375,16446102,0.0,0.0
2020-01-30,50462.37988964161,50462.37988964161,48745.9724104021,49089.25390625,20821939,0.0,0.0
2020-01-31,49604.172650709224,50119.09485815603,48402.6875,48402.6875,19749457,0.0,0.0
2020-02-03,47630.30754889642,49260.89465417395,47372.84642701049,49089.25390625,23995260,0.0,0.0
2020-02-04,49003.43251936545,50634.01959093803,48745.971402801355,50548.19921875,21800192,0.0,0.0
2020-02-05,51492.2268907563,51663.867647058825,50548.20273109244,51063.125,19278165,0.0,0.0
2020-02-06,51578.05392031506,52436.2578125,51234.77236344108,52436.2578125,14727159,0.0,0.0
2020-02-07,52436.254404232204,52522.074787872516,51234.769033267796,51835.51171875,16402493,0.0,0.0
2020-02-10,50805.667608877724,51320.58991572446,50719.84722440327,51234.76953125,13107121,0.0,0.0
2020-02-11,51320.58977201586,52092.97323012312,51234.76938778172,51406.41015625,11071231,0.0,0.0
2020-02-12,51749.68737086777,52092.96887913223,51234.765108471074,51921.328125,12904207,0.0,0.0
2020-02-13,52522.070634266885,52865.3521416804,51921.32799629325,52092.96875,18449775,0.0,0.0
2020-02-14,52264.608806128635,53122.812563207925,51663.866176173135,53036.9921875,13276067,0.0,0.0
2020-02-17,52865.35553861789,53208.63706808943,52522.074009146345,52779.53515625,8740596,0.0,0.0
2020-02-18,52178.77780100334,52264.59815922868,51234.75386052467,51320.57421875,16674266,0.0,0.0
2020-02-19,51320.58179765365,51835.50402304817,50977.300314057306,51663.86328125,12951496,0.0,0.0
2020-02-20,52092.96525390625,52607.88748046875,51148.941171875005,51492.22265625,14591924,0.0,0.0
2020-02-21,50462.38254856419,51320.58633340371,50204.92141311233,50805.6640625,13777393,0.0,0.0
2020-02-24,49260.89490261884,49861.63752338249,48745.97265625,48745.97265625,25627537,0.0,0.0
2020-02-25,48231.05733214594,49775.824292962,48231.05733214594,49690.00390625,23885408,0.0,0.0
2020-02-26,48059.409845132745,48917.613592367255,48059.409845132745,48488.51171875,25483102,0.0,0.0
2020-02-27,48316.8674111136,48831.78962153399,47630.30446388641,47973.5859375,23209541,0.0,0.0
2020-02-28,47201.20755016144,47630.309436981086,46514.64453125,46514.64453125,30054227,0.0,0.0
2020-03-02,46600.46053977273,47630.304971590915,45999.71795454546,47201.203125,30403412,0.0,0.0
2020-03-03,48660.153168716155,48831.79392063402,47287.027153373194,47544.48828125,30330295,0.0,0.0
2020-03-04,47029.57227243031,49432.5431184669,46857.93149771341,49260.90234375,24765728,0.0,0.0
2020-03-05,49432.538927335634,49775.82044766436,48660.15550659602,49604.1796875,21698990,0.0,0.0
2020-03-06,48488.51171875,49089.254341814165,48231.05059457965,48488.51171875,18716656,0.0,0.0
2020-03-09,48488.51171875,48488.51171875,48488.51171875,48488.51171875,0,0.0,0.0
2020-03-10,46171.366615155675,47115.390839629115,46085.54623111263,46857.9296875,32106554,0.0,0.0
2020-03-11,46600.4541146833,46686.2744721689,44626.58589251439,44712.40625,45707281,0.0,0.0
2020-03-12,44712.40625,44712.40625,44712.40625,44712.40625,0,0.0,0.0
2020-03-13,40721.76796718594,44283.31353228228,40206.84571681056,42867.27734375,59462933,0.0,0.0
2020-03-16,42996.00457726227,43682.567524603786,41880.33978783231,41966.16015625,33339821,0.0,0.0
2020-03-17,40249.75367501321,42609.81385851612,40078.11293439482,40593.03515625,51218151,0.0,0.0
2020-03-18,40979.23603258635,41494.15837016858,39134.09765625,39134.09765625,40152623,0.0,0.0
2020-03-19,39820.65876018626,40035.20972333381,36302.02296456636,36859.85546875,56925513,0.0,0.0
2020-03-20,37889.69835834251,39048.273506332596,37374.77607034692,38962.453125,49730008,0.0,0.0
2020-03-23,36559.47661764706,37374.77011029412,36387.83588235294,36473.65625,41701626,0.0,0.0
2020-03-24,37632.23621788472,40292.66796875,36945.67318540336,40292.66796875,49801908,0.0,0.0
2020-03-25,42009.07441145298,42566.9068602261,40464.3076302351,41751.61328125,52735922,0.0,0.0
2020-03-26,42051.98515951883,42309.44629314854,40936.32024712343,41022.140625,42185129,0.0,0.0
2020-03-27,42566.90709109731,42652.727468297104,40206.84671810301,41451.2421875,39896178,0.0,0.0
2020-03-30,40676.610134208466,41800.51222080721,40244.34010090125,41368.2421875,26797395,354.0,0.0
2020-03-31,41497.92015706807,41930.19015870419,40763.06115428665,41281.78515625,30654261,0.0,0.0
2020-04-01,41022.428698144104,41411.47175218341,39595.9375,39595.9375,27259532,0.0,0.0
2020-04-02,39941.752504006414,40503.70356737447,39206.89342114049,40460.4765625,21621076,0.0,0.0
2020-04-03,40979.210654920214,41152.11871675532,40244.35139212101,40633.39453125,22784682,0.0,0.0
2020-04-06,41065.66109471252,42189.563398357284,40849.5260363193,42103.109375,23395726,0.0,0.0
2020-04-07,42924.41059334047,43399.90758883569,42362.45959866432,42881.18359375,31524034,0.0,0.0
2020-04-08,42881.184542181065,43010.86554382073,42016.64453125,42016.64453125,25010314,0.0,0.0
2020-04-09,43010.869021289465,43054.09602533096,42103.101936418025,42448.91796875,22628058,0.0,0.0
2020-04-10,42319.24340498097,42578.60546875,42059.881341211934,42578.60546875,17839111,0.0,0.0
2020-04-13,42059.878113677536,42276.01315023292,41757.2890625,41757.2890625,14431800,0.0,0.0
2020-04-14,42189.55293367347,42535.36894132653,41757.282924107145,42362.4609375,14206216,0.0,0.0
2020-04-16,42665.04994419643,42665.04994419643,41973.41792889031,42362.4609375,23349760,0.0,0.0
2020-04-17,43918.639196254866,44956.087366245134,43486.36912542558,44437.36328125,32041675,0.0,0.0
2020-04-20,44437.36311751497,44437.36311751497,43227.0069236527,43313.4609375,21866354,0.0,0.0
2020-04-21,42708.28650063452,42967.64856440356,42103.10835184011,42578.60546875,27407543,0.0,0.0
2020-04-22,42103.099282221665,43227.00131644935,41800.51027300652,43097.3203125,18613864,0.0,0.0
2020-04-23,43399.909321715146,43486.36332434804,42794.731303284854,43097.3203125,18754442,0.0,0.0
2020-04-24,42924.424582066866,43010.87860942249,42362.47340425532,42665.0625,15618347,0.0,0.0
2020-04-27,42665.050299335504,43227.00131644935,42448.91529275326,43097.3203125,14049471,0.0,0.0
2020-04-28,43097.325902881734,43313.4609375,42621.828826721554,43313.4609375,16095399,0.0,0.0
2020-04-29,43140.557695312506,43659.2818359375,42881.195625,43227.01171875,15604533,0.0,0.0
2020-05-04,42276.00741784794,42448.91542364691,41930.19140625,41930.19140625,26083749,0.0,0.0
2020-05-06,42362.46308117378,42535.37109375,41930.19304973323,42535.37109375,18070225,0.0,0.0
2020-05-07,42535.374647797136,42621.828661308915,42103.10458023822,42189.55859375,13884411,0.0,0.0
2020-05-08,42448.92063428535,42665.05566806481,42189.55859375,42189.55859375,15319700,0.0,0.0
2020-05-11,42276.004358212806,42578.59334646178,41757.280378357435,41843.734375,16357743,0.0,0.0
2020-05-12,41843.738778705636,41930.192784446765,41108.87972990605,41411.46875,23433590,0.0,0.0
2020-05-13,40849.52734777291,41973.4296875,40806.30033470649,41973.4296875,20223277,0.0,0.0
2020-05-14,41281.79852294922,41584.38762207032,41195.34449462891,41497.93359375,19305974,0.0,0.0
2020-05-15,41843.739224137935,41886.96622746865,41238.561177507836,41368.2421875,18463118,0.0,0.0
2020-05-18,41454.69947889985,42448.92063428535,41152.110431608606,42189.55859375,20481981,0.0,0.0
2020-05-19,43313.45527615557,43659.27128634443,42967.6392659667,43486.36328125,25168295,0.0,0.0
2020-05-20,43227.01171875,43399.919765625,43054.103671875004,43227.01171875,14896899,0.0,0.0
2020-05-21,43486.366374186684,43572.820382882885,43097.3233350538,43183.77734375,14949266,0.0,0.0
2020-05-22,42881.19115384615,43054.099182692305,42016.65100961538,42146.33203125,19706284,0.0,0.0
2020-05-25,42146.33114364764,42276.012162551175,41886.96910584058,42232.78515625,14337913,0.0,0.0
2020-05-26,42103.10835184011,42751.513511262696,42016.654330583755,42578.60546875,15127490,0.0,0.0
2020-05-27,42319.233858341686,43227.00087675351,42189.55285571142,43140.546875,19548479,0.0,0.0
2020-05-28,44177.99441189236,44264.44841269842,43140.54640221974,43572.81640625,31309318,0.0,0.0
2020-05-29,43227.00166420118,43832.1796875,42967.63965421597,43832.1796875,27596961,0.0,0.0
2020-06-01,43918.633209228516,44264.44921875,43745.72520446777,44264.44921875,16949183,0.0,0.0
2020-06-02,44091.547224586575,44523.81729541586,43918.639196254866,44437.36328125,14247933,0.0,0.0
2020-06-03,44783.18284116972,47549.71151089449,44696.72882024082,47117.44140625,49257814,0.0,0.0
2020-06-04,48241.338770604394,49278.78691620879,47203.890625,47203.890625,40220334,0.0,0.0
2020-06-05,47030.9786036036,48327.78867539414,46685.16258445946,47981.97265625,22743629,0.0,0.0
2020-06-08,48760.064122267766,48846.51813666894,47290.34587744764,47463.25390625,25634965,0.0,0.0
2020-06-09,48241.33467060811,48846.512704110355,47030.9786036036,47981.97265625,23998831,0.0,0.0
2020-06-10,47636.16528232175,48327.79744613042,47463.25724136959,47895.52734375,16742493,0.0,0.0
2020-06-11,47117.4471253453,47636.17131388121,45993.544716850825,46944.5390625,33815123,0.0,0.0
2020-06-12,45042.54508245698,45647.72323135755,44523.82095482792,45215.453125,26976019,0.0,0.0
2020-06-15,44437.356901302606,44956.08091182365,43140.546875,43140.546875,28772921,0.0,0.0
2020-06-16,44264.44145873321,45042.52734375,43745.71753538868,45042.52734375,21808375,0.0,0.0
2020-06-17,45042.53817947797,45734.17024365421,44350.906115301725,45128.9921875,26672595,0.0,0.0
2020-06-18,45128.99910372849,45215.453125,44610.27497609943,45215.453125,15982926,0.0,0.0
2020-06-19,45474.805957585064,45734.16796875,44610.26592036862,45734.16796875,18157985,0.0,0.0
2020-06-22,44956.09375,45474.81790865385,44783.18569711539,44956.09375,13801350,0.0,0.0
2020-06-23,45388.35743707442,45647.719479571984,44178.00123875243,44437.36328125,18086152,0.0,0.0
2020-06-24,44869.627931533556,46598.708005966444,44610.26592036862,45734.16796875,24519552,0.0,0.0
2020-06-25,45042.544760055396,45820.630945929675,44869.63671875,44869.63671875,18541624,0.0,0.0
2020-06-26,45647.714352720446,46598.70840173546,45128.99032598499,46079.984375,21575360,0.0,0.0
2020-06-29,45691.81327528626,46301.037452290075,45256.65314885496,45604.78125,17776925,354.0,0.0
2020-06-30,46910.28238932292,46910.28238932292,45952.9296875,45952.9296875,21157172,0.0,0.0
2020-07-01,46475.119757010456,46649.18387595057,45604.799162309886,45778.86328125,16706143,0.0,0.0
2020-07-02,45343.69674503781,46039.953125,45343.69674503781,46039.953125,14142583,0.0,0.0
2020-07-03,46126.987377565296,46649.1796875,45865.89122259795,46649.1796875,11887868,0.0,0.0
2020-07-06,46997.296875,47867.6171875,46823.2328125,47867.6171875,19856623,0.0,0.0
2020-07-07,48563.886499297754,48650.91855395599,46475.1171875,46475.1171875,30760032,0.0,0.0
2020-07-08,46649.1766509434,46910.2727889151,46039.95232900944,46126.984375,19664652,0.0,0.0
2020-07-09,46301.057942708336,46649.18619791667,45952.9296875,45952.9296875,17054850,0.0,0.0
2020-07-10,46214.01882708729,46301.05087760911,45517.76242291272,45865.890625,13714746,0.0,0.0
2020-07-13,46388.08513284176,46823.245406132955,46214.02102352528,46475.1171875,12240188,0.0,0.0
2020-07-14,46736.217936802976,46823.25,46301.057620817846,46823.25,14269484,0.0,0.0
2020-07-15,47345.43510054844,47867.62739945155,47258.403050731264,47606.53125,24051450,0.0,0.0
2020-07-16,47693.57063197026,47693.57063197026,46823.25,46823.25,16779127,0.0,0.0
2020-07-17,47171.3772834329,47606.537590475644,47084.345222024356,47345.44140625,10096174,0.0,0.0
2020-07-20,47693.56339368081,47693.56339368081,46997.30699377306,47171.37109375,10507530,0.0,0.0
2020-07-21,48041.690608047014,48215.754704452986,47693.56241523508,48128.72265625,18297260,0.0,0.0
2020-07-22,48128.72354890311,48302.78764853748,47606.53125,47606.53125,12885057,0.0,0.0
2020-07-23,47606.53215255314,47606.53215255314,46823.24368934843,47084.33984375,16214932,0.0,0.0
2020-07-24,46997.30699377306,47345.43519372693,46736.210843807654,47171.37109375,10994535,0.0,0.0
2020-07-27,47258.39602068345,48476.8445368705,47258.39602068345,48389.8125,21054421,0.0,0.0
2020-07-28,49608.25705258106,51174.83359108362,49086.064873080206,51000.76953125,48431566,0.0,0.0
2020-07-29,52480.322828389835,52567.35487288136,51000.7780720339,51348.90625,36476611,0.0,0.0
2020-07-30,51958.13056144068,52306.25873940678,51348.90625,51348.90625,19285354,0.0,0.0
2020-07-31,51784.06742497841,51871.09947107081,50217.4905953152,50391.5546875,21943345,0.0,0.0
2020-08-03,50304.51962753081,50391.55166840889,49347.16717787192,49434.19921875,21158940,0.0,0.0
2020-08-04,49782.32733420593,50565.61570135253,49608.2632526178,49869.359375,19419694,0.0,0.0
2020-08-05,49869.358626702546,50043.42270567882,48999.03823182118,49521.23046875,17739706,0.0,0.0
2020-08-06,49695.30138065733,50826.71804956896,49695.30138065733,50478.58984375,21625874,0.0,0.0
2020-08-07,50391.550027173915,50826.71021739131,49695.29372282609,50043.421875,18751717,0.0,0.0
2020-08-10,50130.455449826986,50739.67973480753,50043.42340911548,50304.51953125,17774291,0.0,0.0
2020-08-11,50478.59603200172,51784.07696386383,50304.53190775344,50652.66015625,24907912,0.0,0.0
2020-08-12,50652.6498940678,51348.90625,50217.48967161017,51348.90625,18573934,0.0,0.0
2020-08-13,51697.036839863715,51871.10093696763,50478.588160136285,51087.8125,22089460,0.0,0.0
2020-08-14,50478.58984375,50826.71804956896,50217.493689385774,50478.58984375,15672548,0.0,0.0
2020-08-18,51261.871133882705,52132.191526648116,50478.58278039384,50826.7109375,25307825,0.0,0.0
2020-08-19,51348.90401978806,51522.968101211074,50304.51953125,50304.51953125,16930719,0.0,0.0
2020-08-20,50130.45487364621,50130.45487364621,48128.717960288806,48215.75,30386029,0.0,0.0
2020-08-21,48912.00627515653,49521.2305526051,48563.87811661449,48650.91015625,21142288,0.0,0.0
2020-08-24,48563.884316510695,49260.140722482174,48215.756113524956,48824.98046875,15055896,0.0,0.0
2020-08-25,49086.078125,49434.20633865248,48824.98196476064,49086.078125,14021705,0.0,0.0
2020-08-26,49086.078125,49173.110178413124,48476.85375110816,49086.078125,17651593,0.0,0.0
2020-08-27,48999.03675809352,48999.03675809352,48389.8125,48389.8125,16196568,0.0,0.0
2020-08-28,48824.97427797834,48999.03835740072,48215.75,48215.75,14619888,0.0,0.0
2020-08-31,48737.94560185185,48824.977647569445,46997.3046875,46997.3046875,32671367,0.0,0.0
2020-09-01,47084.33904376153,47693.56339368081,47084.33904376153,47171.37109375,19363117,0.0,0.0
2020-09-02,47519.50552906709,47954.66583610983,47084.345222024356,47345.44140625,16905723,0.0,0.0
2020-09-03,48389.821697695035,49347.174285239365,48302.78964428192,49086.078125,28384920,0.0,0.0
2020-09-04,48041.68435251799,48563.87657374101,47954.65231564748,48389.8125,22139109,0.0,0.0
2020-09-07,48824.97340984514,49869.35786780974,48563.87729535398,49173.1015625,18685880,0.0,0.0
2020-09-08,49956.39586882453,51087.8125,49782.331771720616,51087.8125,31517520,0.0,0.0
2020-09-09,50652.646858946915,51609.99929098887,50304.51870184075,50826.7109375,30597399,0.0,0.0
2020-09-10,52132.196995090795,52219.22904349662,51435.94060784417,51522.97265625,29923293,0.0,0.0
2020-09-11,51610.00238347458,51697.03442796611,50652.6498940678,51348.90625,16017098,0.0,0.0
2020-09-14,52393.287484478475,52915.47971854304,52132.19136744619,52567.3515625,20648281,0.0,0.0
2020-09-15,53002.52263063525,53089.5546875,52654.39440317623,53089.5546875,17877075,0.0,0.0
2020-09-16,53176.58674436476,53350.65085809427,52741.42646004099,53089.5546875,17041444,0.0,0.0
2020-09-17,52828.45492384453,52915.486974789914,51610.006210609245,51784.0703125,25108356,0.0,0.0
2020-09-18,52045.16414154722,52132.196188606664,51435.93981213111,51610.00390625,18884571,0.0,0.0
2020-09-21,51435.94060784417,52219.22904349662,51348.90855943834,51522.97265625,15140387,0.0,0.0
2020-09-22,51435.94871536727,51958.14108811211,50304.53190775344,50652.66015625,20830381,0.0,0.0
2020-09-23,50826.70547141638,51174.83359108362,49956.385172248294,51000.76953125,20111398,0.0,0.0
2020-09-24,50217.48749053849,51000.77585694204,50130.455449826986,50304.51953125,17564020,0.0,0.0
2020-09-25,50217.4905953152,50652.65082577721,50217.4905953152,50391.5546875,11444683,0.0,0.0
2020-09-28,51051.821352824314,51489.65858569588,50701.55156652706,50964.25390625,12614080,354.0,0.0
2020-09-29,51051.821352824314,51664.7934788445,50964.25390625,50964.25390625,15503563,0.0,0.0
2020-10-05,50351.27285854983,51839.91918654174,50351.27285854983,51402.08203125,20228289,0.0,0.0
2020-10-06,52015.05488612288,52452.89204846398,51402.08285884534,51664.78515625,14463826,0.0,0.0
2020-10-07,51402.089119887314,52452.8984375,51226.95423361853,52452.8984375,14861838,0.0,0.0
2020-10-08,52978.297280674204,53153.43214771775,52102.622945456445,52277.7578125,24589924,0.0,0.0
2020-10-12,52540.45296978477,52890.72265625,52452.88554816846,52890.72265625,16145837,0.0,0.0
2020-10-13,53416.13775143678,53766.4075071839,52890.73311781609,53328.5703125,19247631,0.0,0.0
2020-10-14,53416.13775143678,53503.70519037356,52978.300556752874,53328.5703125,16086716,0.0,0.0
2020-10-15,53153.44088541666,53241.00833333333,52277.76640625,52540.46875,17756232,0.0,0.0
2020-10-16,52540.46218487395,52890.73193277311,51664.78781512605,52102.625,16554190,0.0,0.0
2020-10-19,52190.198958333334,52715.60364583333,52102.631510416664,52540.46875,14474985,0.0,0.0
2020-10-20,52803.16567887931,53328.5703125,52628.03080100574,53328.5703125,19326115,0.0,0.0
2020-10-21,53591.27262931034,53853.97494612069,53065.86799568965,53328.5703125,15703443,0.0,0.0
2020-10-22,52803.17004861689,52978.30494098378,52365.33281769967,52628.03515625,14294095,0.0,0.0
2020-10-23,52890.72469372924,52890.72469372924,52365.32014379153,52715.58984375,9322232,0.0,0.0
2020-10-26,52890.72265625,53503.69460756416,52628.02039140108,52890.72265625,13268226,0.0,0.0
2020-10-27,52803.165316680606,52803.165316680606,52102.625809991645,52365.328125,17260416,0.0,0.0
2020-10-28,52015.05488612288,52015.05488612288,51489.65029131356,51664.78515625,14428882,0.0,0.0
2020-10-29,50964.25103539157,51226.95336031626,50351.2789439006,50876.68359375,22636966,0.0,0.0
2020-10-30,50789.112052782686,50789.112052782686,49563.16796875,49563.16796875,26907844,0.0,0.0
2020-11-02,49388.02885452961,50351.27055204704,49037.759146341465,50263.703125,20489076,0.0,0.0
2020-11-03,50701.530034279334,51577.20412813563,50438.82780612245,51489.63671875,14950919,0.0,0.0
2020-11-04,51577.215024038465,51664.78245192308,50613.9733173077,51226.9453125,21718561,0.0,0.0
2020-11-05,51664.79121320481,52803.16796875,51489.65632773632,52803.16796875,20639475,0.0,0.0
2020-11-06,53153.43983335067,53241.00727953411,52190.19792533278,52628.03515625,16910230,0.0,0.0
2020-11-09,53153.426968698084,53328.56181867732,52628.02241876038,52715.58984375,15892961,0.0,0.0
2020-11-10,52978.292118718855,52978.292118718855,52102.61786882267,52715.58984375,19073552,0.0,0.0
2020-11-11,53153.43134431076,53766.4033696982,52890.729047716144,53678.8359375,25628510,0.0,0.0
2020-11-12,53416.140625,53766.41039959017,53153.43829405738,53416.140625,19800573,0.0,0.0
2020-11-13,53678.83976339993,55342.62109375,53416.13744808149,55342.62109375,31508829,0.0,0.0
2020-11-16,56043.15987933635,58407.480686745854,55955.592442024885,58057.2109375,36354334,0.0,0.0
2020-11-17,58670.17337328767,58670.17337328767,57444.229452054795,57531.796875,30204089,0.0,0.0
2020-11-18,57531.798231336805,57969.63535638503,56656.12398124036,56743.69140625,22963790,0.0,0.0
2020-11-19,56130.7214529315,56743.6934500774,55955.5865966041,56568.55859375,16590290,0.0,0.0
2020-11-20,55955.58944527627,57093.96606935858,55955.58944527627,56656.12890625,15068682,0.0,0.0
2020-11-23,56743.695,59370.71791666667,56656.12756944445,59108.015625,27134398,0.0,0.0
2020-11-24,59458.29504592873,60859.374163358574,58670.18804237445,59283.16015625,32158235,0.0,0.0
2020-11-25,59458.286780921546,59808.55651158972,58232.34272358296,58319.91015625,32447065,0.0,0.0
2020-11-26,57882.074213005515,59545.85546875,57794.50677849265,59545.85546875,19023323,0.0,0.0
2020-11-27,59545.86120784458,59896.13097965543,59195.59143603373,59720.99609375,14063434,0.0,0.0
2020-11-30,59896.11888586957,60071.25373641304,58407.47265625,58407.47265625,43811016,0.0,0.0
2020-12-01,58757.74672750737,59808.5559089233,58757.74672750737,59370.71875,22327173,0.0,0.0
2020-12-02,59896.125404676255,61209.636926708634,59808.5579698741,60859.3671875,29703942,0.0,0.0
2020-12-03,61384.77365607066,61735.04340589132,60684.234156429346,61034.50390625,23677989,0.0,0.0
2020-12-04,61647.46538461538,63136.11156577797,61384.763117351395,62610.70703125,28130533,0.0,0.0
2020-12-07,63398.80746313443,64362.04901298868,62960.97039501886,63836.64453125,28490496,0.0,0.0
2020-12-08,63223.68480866457,63836.65682204498,62698.280225767085,62785.84765625,25000338,0.0,0.0
2020-12-09,63136.141127156625,64712.35546875,63048.57366373477,64712.35546875,24077996,0.0,0.0
2020-12-10,63661.50970400377,64624.75125385803,63486.374876757545,63836.64453125,39882928,0.0,0.0
2020-12-11,64362.059615548365,64624.76189969346,64011.789903354904,64274.4921875,18486672,0.0,0.0
2020-12-14,64449.63465447155,65237.7415999746,64099.36490091464,64624.76953125,21510415,0.0,0.0
2020-12-15,64624.76953125001,64887.471846417684,64186.932339303865,64624.76953125,20863671,0.0,0.0
2020-12-16,64887.471846417684,65237.7415999746,64274.49977769309,64624.76953125,17512081,0.0,0.0
2020-12-17,64274.473652796725,64537.1758611869,63573.934430422916,64186.90625,24293214,0.0,0.0
2020-12-18,64186.94063035103,64537.2104291524,63924.23828125,63924.23828125,17613029,0.0,0.0
2020-12-21,64011.80573095035,64274.508080051375,63048.56378424658,63924.23828125,20367355,0.0,0.0
2020-12-22,63486.3966059388,64099.36871109959,63136.1268315612,63311.26171875,16304910,0.0,0.0
2020-12-23,63398.84351742219,64799.92293217185,63311.27605400034,64712.35546875,19411326,0.0,0.0
2020-12-24,64887.473449550125,69003.143155527,64799.90600899743,68127.46875,32502870,0.0,0.0
2020-12-28,69178.25692900254,70141.49848117853,68477.7176183291,68915.5546875,40085044,0.0,0.0
2020-12-29,70739.73116219668,70829.50239463602,69393.16267560664,70290.875,30339449,1932.0,0.0
2020-12-30,69482.90868055556,72983.98547453704,69393.13748070988,72714.671875,29417421,0.0,0.0
2021-01-04,72714.7079254518,75766.93023343374,71996.53797063253,74510.1328125,38655276,0.0,0.0
2021-01-05,73253.3241954708,75318.0625,73253.3241954708,75318.0625,35335669,0.0,0.0
2021-01-06,74779.42084854015,75856.67541058395,73702.16628649636,73791.9375,42089013,0.0,0.0
2021-01-07,74330.57252714114,75587.36964716527,74240.80130428227,74420.34375,32644642,0.0,0.0
2021-01-08,74779.44861169763,80794.12214949324,74510.13487119932,79716.8671875,59013307,0.0,0.0
2021-01-11,80794.08482142857,86898.52678571429,80345.22879464286,81691.796875,90306177,0.0,0.0
2021-01-12,81063.41289838577,82050.8963334713,78819.13236410044,81332.7265625,48682416,0.0,0.0
2021-01-13,80614.55246655518,81871.34949832775,79986.15395066889,80524.78125,36068848,0.0,0.0
2021-01-14,79627.06908444816,80794.09489966555,79627.06908444816,80524.78125,26393970,0.0,0.0
2021-01-15,80614.55379971591,82409.97816051137,78998.671875,78998.671875,33431809,0.0,0.0
2021-01-18,77741.9025,78370.30125,75497.62125,76305.5625,43227951,0.0,0.0
2021-01-19,75856.6880387931,78998.68103448275,75048.74698275862,78100.96875,39895044,0.0,0.0
2021-01-20,79896.38188073394,79896.38188073394,77652.10149082569,78280.5,25211127,0.0,0.0
2021-01-21,78549.81798914586,79537.30141529512,77652.10578355561,79088.4453125,25318011,0.0,0.0
2021-01-22,79896.38878888248,80524.78735239054,77921.421875,77921.421875,30861661,0.0,0.0
2021-01-25,78100.95952181208,80704.32483920582,77472.56099692393,80255.46875,27258534,0.0,0.0
2021-01-26,79716.85207612456,80075.93699538638,77652.11379036908,77831.65625,33178936,0.0,0.0
2021-01-27,77741.88416325934,78729.36768034463,76844.171875,76844.171875,26423070,0.0,0.0
2021-01-28,74689.65173237755,76844.16091696535,74689.65173237755,75138.5078125,31859808,0.0,0.0
2021-01-29,75856.67887766768,76305.53496570123,73612.3984375,73612.3984375,39615978,0.0,0.0
2021-02-01,73343.10663591868,74869.21778990964,72714.7079254518,74510.1328125,28046832,0.0,0.0
2021-02-02,75497.5848174615,77562.32257109004,75138.49999074348,75766.8984375,26302077,0.0,0.0
2021-02-03,76125.99556737588,76664.62289450354,74869.19847074468,75946.453125,22112205,0.0,0.0
2021-02-04,74958.9700284091,75228.28369318182,73702.17292613637,74061.2578125,24171688,0.0,0.0
2021-02-05,74599.89164483533,75407.83270958083,74061.26426833832,74958.9765625,18036835,0.0,0.0
2021-02-08,75228.30276731928,75587.38774472891,74510.1328125,74510.1328125,15338765,0.0,0.0
2021-02-09,75407.8227025393,76125.99244256348,74240.796875,74240.796875,20898332,0.0,0.0
2021-02-10,74151.04047947304,74151.04047947304,73253.328125,73253.328125,23025766,0.0,0.0
2021-02-15,75228.27453236342,75856.67300697743,74779.4184790677,75587.359375,23529706,0.0,0.0
2021-02-16,75856.69629711425,77203.26487043581,75587.38258244995,76215.78125,20483100,0.0,0.0
2021-02-17,75318.05480018028,75587.36846454327,74510.11380709134,74689.65625,18307735,0.0,0.0
2021-02-18,74689.66321559074,75048.74813489648,73702.1796875,73702.1796875,21327683,0.0,0.0
2021-02-19,73881.70979305387,74330.56586713075,72714.684000454,74151.0234375,25880879,0.0,0.0
2021-02-22,75228.2769160584,75587.361770073,73791.9375,73791.9375,25419886,0.0,0.0
2021-02-23,72894.22869664634,74420.33939596037,72804.45747903964,73612.3984375,20587314,0.0,0.0
2021-02-24,73432.85600228659,75048.73791920731,72983.99991425306,73612.3984375,26807651,0.0,0.0
2021-02-25,75407.82568874561,76664.62278355804,74510.1134781653,76574.8515625,34155986,0.0,0.0
2021-02-26,74330.57147727272,74869.19880681818,73612.40170454545,74061.2578125,38520800,0.0,0.0
2021-03-02,76395.29462283195,76574.8370308762,74510.09933836723,75048.7265625,33498180,0.0,0.0
2021-03-03,74958.97977120536,75407.8359375,74330.58113839285,75407.8359375,19882132,0.0,0.0
2021-03-04,74151.03464426578,74689.6620145631,73791.94973073422,73971.4921875,24348331,0.0,0.0
2021-03-05,72804.4673892357,74151.03583663216,72804.4673892357,73702.1796875,20508971,0.0,0.0
2021-03-08,74420.33939596037,74510.11061356707,73253.31356707317,73612.3984375,17641256,0.0,0.0
2021-03-09,73073.7734375,73522.62953969595,72355.6036739865,73073.7734375,25420764,0.0,0.0
2021-03-10,73971.50618046972,74061.27742583436,72445.39500927071,72624.9375,20038422,0.0,0.0
2021-03-11,72714.68626143293,74061.25452553354,72714.68626143293,73612.3984375,23818297,0.0,0.0
2021-03-12,74599.8918138587,74958.97673233696,73971.49320652174,74330.578125,13530573,0.0,0.0
2021-03-15,74330.57159229829,74420.34281402812,73432.859375,73432.859375,13735798,0.0,0.0
2021-03-16,73791.95074728261,74510.12058423914,73702.17951766304,74330.578125,12293537,0.0,0.0
2021-03-17,74330.55129860267,74420.3224958232,73612.3817208384,73881.6953125,11625146,0.0,0.0
2021-03-18,74330.57252714114,75228.2847557298,74151.0300814234,74420.34375,18585244,0.0,0.0
2021-03-19,73702.17526137058,74061.26015911173,73432.86158806471,73522.6328125,15869700,0.0,0.0
2021-03-22,73612.3984375,73881.71209032013,73343.08478467989,73612.3984375,12670506,0.0,0.0
2021-03-23,74151.02914883863,74420.34281402812,73432.859375,73432.859375,13299907,0.0,0.0
2021-03-24,72714.671875,73253.29907407408,72445.35827546296,72714.671875,17926638,0.0,0.0
2021-03-25,72714.67633928571,73702.15959821429,72535.13392857143,72894.21875,14758826,0.0,0.0
2021-03-26,73073.78345475461,73253.3259202454,72714.69852377301,73163.5546875,12845778,0.0,0.0
2021-03-29,73343.0993604473,73343.0993604473,72714.70071231617,73253.328125,14952134,0.0,0.0
2021-03-30,73578.82299270073,74210.01387621654,73308.31261405109,74119.84375,13121698,361.0,0.0
2021-03-31,74300.19356572483,74570.70397919226,73398.4921875,73398.4921875,17240518,0.0,0.0
2021-04-01,74390.36631106754,74841.21701598311,73939.51560615198,74751.046875,18676461,0.0,0.0
2021-04-02,75742.90462853773,76824.94612323113,75652.73450397995,76464.265625,22997538,0.0,0.0
2021-04-05,77365.97742242388,77546.31769613583,76464.27605386416,77005.296875,16255990,0.0,0.0
2021-04-06,77726.6527616279,77726.6527616279,76734.78132267442,77546.3125,19042023,0.0,0.0
2021-04-07,77636.49132958527,77726.66147050234,77005.30034316589,77185.640625,17885538,0.0,0.0
2021-04-08,77275.79497491145,77275.79497491145,75833.07301505313,76374.09375,19244259,0.0,0.0
2021-04-09,76374.0900493421,76554.43028558612,75201.87851375598,75382.21875,18193707,0.0,0.0
2021-04-12,75833.08592810998,75833.08592810998,74931.38454965445,75021.5546875,12915282,0.0,0.0
2021-04-13,74841.22042410714,76193.77260044643,74660.88013392857,75742.921875,15238206,0.0,0.0
2021-04-14,75742.921875,76013.43231026786,75201.90100446428,75742.921875,13794652,0.0,0.0
2021-04-15,75472.38983538942,76193.75078961058,75201.87947755647,75833.0703125,16377412,0.0,0.0
2021-04-16,76374.1111442193,76374.1111442193,75382.23957091775,75652.75,15429522,0.0,0.0
2021-04-19,75562.58512154862,75742.92542016807,75111.734375,75111.734375,15287311,0.0,0.0
2021-04-20,75111.72914183552,75742.92014302741,74931.3888557807,75652.75,15521965,0.0,0.0
2021-04-21,75111.7221927966,75292.06246216707,74390.36111531476,74480.53125,21636079,0.0,0.0
2021-04-22,74751.04601221177,74841.21615215413,74300.1953125,74300.1953125,13934746,0.0,0.0
2021-04-23,73849.35147758153,74751.05296082428,73578.8410326087,74660.8828125,17805080,0.0,0.0
2021-04-26,74751.04944797904,75292.0703125,74480.53901571856,75292.0703125,15489938,0.0,0.0
2021-04-27,75021.55729794933,75111.72743893244,74390.36631106754,74751.046875,12941533,0.0,0.0
2021-04-28,75021.55907429964,75021.55907429964,74029.6875,74029.6875,15596759,0.0,0.0
2021-04-29,74300.20670134638,74390.37685511015,73488.67531747246,73669.015625,20000973,0.0,0.0
2021-04-30,73849.35247315951,74029.69277223926,73488.671875,73488.671875,18673197,0.0,0.0
2021-05-03,73037.8245486536,74300.20670134638,73037.8245486536,73669.015625,15710336,0.0,0.0
2021-05-04,73849.34030720338,74480.53125,73759.17017251815,74480.53125,12532550,0.0,0.0
2021-05-06,73668.97934386392,74210.0,73668.97934386392,74210.0,17047511,0.0,0.0
2021-05-07,73759.17361111111,74029.68402777778,73488.66319444444,73849.34375,14154882,0.0,0.0
2021-05-10,74210.02344689003,75292.06510103666,73759.17275766227,75021.5546875,19385027,0.0,0.0
2021-05-11,74390.35223599138,74480.5223599138,73127.97050107758,73218.140625,28996680,0.0,0.0
2021-05-12,72857.478359375,73218.1589453125,71955.77689453126,72136.1171875,35812268,0.0,0.0
2021-05-13,71144.23522093949,71775.42615445859,70693.38455414012,70783.5546875,31490096,0.0,0.0
2021-05-14,71234.40201700998,72406.61369577091,71144.23188787453,72226.2734375,16450920,0.0,0.0
2021-05-17,72857.48720163316,72947.65735906093,71414.76468278894,71775.4453125,17740855,0.0,0.0
2021-05-18,71775.4453125,72136.12594221106,71324.59452536119,71775.4453125,17494407,0.0,0.0
2021-05-20,71595.09547955975,71865.6059158805,71324.58504323899,71685.265625,16541828,0.0,0.0
2021-05-21,72226.2734375,73488.65524539638,71955.76305009364,72226.2734375,20961714,0.0,0.0
2021-05-24,72226.29782583124,72496.80830457967,71685.27686833437,71865.6171875,13398666,0.0,0.0
2021-05-25,72136.09981226533,72496.78031132666,71955.75956273466,72045.9296875,13628942,0.0,0.0
2021-05-26,72496.79429041353,72586.96443256579,71865.60329534774,71955.7734375,11984359,0.0,0.0
2021-05-27,72136.12594221106,72136.12594221106,71324.59452536119,71775.4453125,23198510,0.0,0.0
2021-05-28,71955.76305009364,72496.78382490636,71595.0825335518,72226.2734375,12360199,0.0,0.0
2021-05-31,72406.62066187889,72677.13107531055,71775.42969720496,72586.9609375,13321324,0.0,0.0
2021-06-01,72586.95486972705,73308.31591191067,72226.27434863524,72677.125,14058401,0.0,0.0
2021-06-02,72496.78043780942,73398.48168703589,72406.61031288677,72857.4609375,16414644,0.0,0.0
2021-06-03,73308.33058763588,74841.22310914856,73127.99029098732,74660.8828125,29546007,0.0,0.0
2021-06-04,74570.69438108272,74570.69438108272,73488.65286648419,74119.84375,18112259,0.0,0.0
2021-06-07,74570.70486111111,74660.875,73578.83333333333,73849.34375,16496197,0.0,0.0
2021-06-08,74210.02430555555,74480.53472222222,73759.17361111111,73849.34375,12781226,0.0,0.0
2021-06-09,73488.66493911837,73939.51564426634,73127.984375,73127.984375,14908823,0.0,0.0
2021-06-10,73308.3072337963,73398.47735339506,72947.62675540123,73037.796875,17586995,0.0,0.0
2021-06-11,73218.13711419753,73668.98771219136,72767.2865162037,73037.796875,14087962,0.0,0.0
2021-06-14,72857.47135093168,72947.64148874223,72586.9609375,72586.9609375,10550078,0.0,0.0
2021-06-15,72947.6640625,73218.17455964153,72677.15356535847,72947.6640625,10075685,0.0,0.0
2021-06-16,73488.66146470049,73849.34201176651,73127.98091763447,73759.171875,14999855,0.0,0.0
2021-06-17,73128.0043939277,73308.34472535537,72767.3237310723,72947.6640625,14007385,0.0,0.0
2021-06-18,73127.98176436336,73127.98176436336,72586.9609375,72586.9609375,14916721,0.0,0.0
2021-06-21,71865.58943796933,72136.09981226533,71775.41931320401,72045.9296875,16063340,0.0,0.0
2021-06-22,72316.45748046876,72406.62762695312,72045.94704101562,72136.1171875,11773365,0.0,0.0
2021-06-23,72586.95395404182,72677.12408317727,72045.93317922909,72226.2734375,13856548,0.0,0.0
2021-06-24,72496.7796336207,73398.48087284483,72226.26926185345,73218.140625,18771080,0.0,0.0
2021-06-25,73488.67359834559,73849.35420496324,73218.16314338235,73578.84375,13481405,0.0,0.0
2021-06-28,73669.00347222222,73939.51388888889,73578.83333333333,73849.34375,11578529,0.0,0.0
2021-06-29,74176.29600694445,74357.4347029321,73180.03317901235,73361.171875,15744317,361.0,0.0
2021-06-30,73451.7383151332,73723.44634835812,73089.4609375,73089.4609375,13288643,0.0,0.0
2021-07-01,72908.33996566792,72998.90933208489,72455.49313358302,72546.0625,13382882,0.0,0.0
2021-07-02,72455.4921875,72817.7696484375,72364.92282226562,72455.4921875,8753097,0.0,0.0
2021-07-05,72546.04976096081,73180.03521455223,72455.48041044777,72817.7578125,8330969,0.0,0.0
2021-07-06,72998.88088823891,73542.296875,72908.31155711206,73542.296875,12131651,0.0,0.0
2021-07-07,73542.32433477722,73632.89369972154,72727.20005027846,73180.046875,15992202,0.0,0.0
2021-07-08,73451.73045408323,73542.2997887985,72364.8984375,72364.8984375,16660998,0.0,0.0
2021-07-09,72093.20119647354,72274.3398929471,71549.7851070529,71912.0625,22720577,0.0,0.0
2021-07-12,72364.91214123275,72455.48149309913,72002.63473376725,72183.7734375,9768108,0.0,0.0
2021-07-13,72455.49028822055,72636.6290139411,72274.3515625,72274.3515625,9863450,0.0,0.0
2021-07-14,71912.05566037736,72093.19433962264,71640.34764150943,72002.625,11575636,0.0,0.0
2021-07-15,72274.33587934243,72998.890625,72002.62784972084,72998.890625,13766279,0.0,0.0
2021-07-16,72546.05965108082,72546.05965108082,72002.64347391918,72274.3515625,10859399,0.0,0.0
2021-07-19,71640.35841574367,71730.92776898734,71368.65035601266,71549.7890625,13155414,0.0,0.0
2021-07-20,71096.94229628165,71549.7890625,71006.37294303798,71549.7890625,12456646,0.0,0.0
2021-07-21,71549.80782245223,71640.37719944268,71096.9609375,71096.9609375,12355296,0.0,0.0
2021-07-22,71549.78797443538,72274.34278936638,71459.21862256901,72183.7734375,12618790,0.0,0.0
2021-07-23,72183.76957558324,72364.90826962485,71730.9228404792,71821.4921875,9098910,0.0,0.0
2021-07-26,71912.06454235406,72002.63389316307,71368.6484375,71368.6484375,10040975,0.0,0.0
2021-07-27,71730.94657643313,71912.08533041402,71096.9609375,71096.9609375,11427693,0.0,0.0
2021-07-28,70915.79776278409,71730.921875,70734.65907118055,71730.921875,12743417,0.0,0.0
2021-07-29,71368.65035601266,71912.06647547468,71368.65035601266,71549.7890625,14360453,0.0,0.0
2021-07-30,71459.23844546179,71459.23844546179,71096.9609375,71096.9609375,13823411,0.0,0.0
2021-08-02,71730.9228404792,72002.63088154161,71278.07610537516,71821.4921875,11739124,0.0,0.0
2021-08-03,71912.0660703317,73723.453125,71821.49671759827,73723.453125,24339360,0.0,0.0
2021-08-04,74447.99898220747,75263.12305865501,74085.72161489747,75081.984375,25642368,0.0,0.0
2021-08-05,75444.26971680876,75444.26971680876,74266.86814859927,74357.4375,18485469,0.0,0.0
2021-08-06,74176.30870398773,74719.72488496933,73632.89252300614,73814.03125,13342623,0.0,0.0
2021-08-09,73814.03125,74538.58615797547,73270.61506901841,73814.03125,15522581,0.0,0.0
2021-08-10,74538.5815149626,74629.15087281796,72546.05564214464,72636.625,20362639,0.0,0.0
2021-08-11,72093.22408439491,72274.36283837579,71096.9609375,71096.9609375,30241137,0.0,0.0
2021-08-12,69828.98343141234,70825.24648944805,69647.84469358767,69738.4140625,42365223,0.0,0.0
2021-08-13,68651.57255964381,68832.7112735215,67111.89349168347,67383.6015625,61270643,0.0,0.0
2021-08-17,67021.32222877358,68017.58512676887,67021.32222877358,67202.4609375,30944847,0.0,0.0
2021-08-18,66930.7578125,67564.74333981732,66206.20292413735,66930.7578125,29192631,0.0,0.0
2021-08-19,66568.47271503077,67383.59687072503,66206.1953125,66206.1953125,22166298,0.0,0.0
2021-08-20,66568.46882522352,66930.74620658529,65662.77537181912,65843.9140625,22364803,0.0,0.0
2021-08-23,66387.3359375,67021.32141030014,66115.6278777285,66387.3359375,19384648,0.0,0.0
2021-08-24,66930.73543940145,68560.98339327051,66930.73543940145,68470.4140625,21016913,0.0,0.0
2021-08-25,69013.84676354029,69376.12417437253,67836.44517833553,68561.0,22319664,0.0,0.0
2021-08-26,68923.29851918566,69013.86789963137,67564.7578125,67564.7578125,16671494,0.0,0.0
2021-08-27,67293.0078125,67926.9930812584,66840.16119195828,67293.0078125,15172748,0.0,0.0
2021-08-30,68289.31285606569,68379.88223651139,67202.48029071715,67564.7578125,12686999,0.0,0.0
2021-08-31,67836.43929269882,69466.6875,67293.02322359844,69466.6875,24630370,0.0,0.0
2021-09-01,69466.69626871745,69828.97369384766,68742.14141845703,69557.265625,16114775,0.0,0.0
2021-09-02,69557.26578947369,69557.26578947369,68561.00286800988,68832.7109375,15347486,0.0,0.0
2021-09-03,69194.97850032637,69466.68653108682,68832.70112597912,69376.1171875,12096419,0.0,0.0
2021-09-06,69557.26261319534,70281.8174320828,69376.12390847347,70010.109375,12861180,0.0,0.0
2021-09-07,69828.97482752957,69828.97482752957,68742.14253449408,68923.28125,13239401,0.0,0.0
2021-09-08,68832.69044888597,69194.967767038,68470.41313073394,69104.3984375,11798147,0.0,0.0
2021-09-09,69194.98950033201,69376.12821630147,67927.01848854581,68198.7265625,17600770,0.0,0.0
2021-09-10,68198.7265625,68470.43463645419,67745.87977257636,68198.7265625,10103212,0.0,0.0
2021-09-13,68108.13581258191,69104.3984375,68017.5664830439,69104.3984375,11397775,0.0,0.0
2021-09-14,69828.96390543407,70372.37996695496,69376.1171875,69376.1171875,18167057,0.0,0.0
2021-09-15,70100.69153814936,70100.69153814936,69194.99784902598,69738.4140625,12829128,0.0,0.0
2021-09-16,70010.11354303548,70100.68290078844,68923.28125,68923.28125,13067622,0.0,0.0
2021-09-17,69104.41490244494,69919.5390625,68742.13749797604,69919.5390625,16289502,0.0,0.0
2021-09-23,70191.25686369509,70281.82622739018,69557.27131782947,70100.6875,17055590,0.0,0.0
2021-09-24,70281.8174320828,70372.38678444372,69828.97067027814,70010.109375,12247274,0.0,0.0
2021-09-27,70010.10542350386,70372.3828125,69738.39738175676,70372.3828125,11699798,0.0,0.0
2021-09-28,70372.3690510321,70462.9383805701,69013.829107962,69104.3984375,15406382,0.0,0.0
2021-09-29,68067.92902327936,68522.92854883603,67157.92997216599,67430.9296875,23992458,361.0,0.0
2021-09-30,67612.92949772267,68067.92902327936,67066.93006705465,67430.9296875,19919361,0.0,0.0
2021-10-01,67248.9447895321,67339.9447148224,66338.9455366291,66611.9453125,15803395,0.0,0.0
2021-10-05,66429.92100934903,66429.92100934903,64973.92274065097,65701.921875,24013921,0.0,0.0
2021-10-06,66065.93636044882,66247.93618513325,64791.93758765779,64882.9375,18956962,0.0,0.0
2021-10-07,65155.94140624999,65610.94099707577,64882.94165175453,65155.94140625,13683532,0.0,0.0
2021-10-08,65792.9289007867,65883.92880244755,65064.92968749999,65064.9296875,14043287,0.0,0.0
2021-10-12,64336.91594769021,64518.915709918474,62516.918325407605,62789.91796875,31001484,0.0,0.0
2021-10-13,62516.9297896984,63335.928869912794,62152.93019849201,62607.9296875,24172015,0.0,0.0
2021-10-14,62789.937860230544,63517.93713976945,62607.93804034582,63153.9375,19520641,0.0,0.0
2021-10-15,63881.93741084165,64609.93669757489,63699.93758915834,63790.9375,18051612,0.0,0.0
2021-10-18,63881.93359375,63972.9334991542,62971.934539707974,63881.93359375,13486391,0.0,0.0
2021-10-19,64427.92948831445,64609.9292891289,64063.92988668555,64245.9296875,9507991,0.0,0.0
2021-10-20,64336.92928742887,64609.92898737553,63881.92978751778,63972.9296875,10151638,0.0,0.0
2021-10-21,63972.9334991542,64245.93321536681,63699.93378294159,63881.93359375,10891094,0.0,0.0
2021-10-22,63699.92620294744,64336.92546497692,63699.92620294744,64063.92578125,8395448,0.0,0.0
2021-10-25,63608.93387753739,64245.93321536681,63244.93425592058,63881.93359375,10029621,0.0,0.0
2021-10-26,64245.9379395218,65064.93714838256,64063.93811533052,64700.9375,10528252,0.0,0.0
2021-10-27,64609.93669757489,64609.93669757489,63699.93758915834,63790.9375,10295316,0.0,0.0
2021-10-28,63244.923201025464,65701.92021746817,63244.923201025464,64336.921875,20644902,0.0,0.0
2021-10-29,64791.92429262178,65155.92386729943,63426.92588758059,63517.92578125,17016151,0.0,0.0
2021-11-01,63881.93723175965,64245.936874105864,63608.9375,63608.9375,11503729,0.0,0.0
2021-11-02,64427.93037587412,65701.92899912587,64336.93047421328,65064.9296875,16812570,0.0,0.0
2021-11-03,65246.924410733314,65246.924410733314,63790.926097523086,64063.92578125,12770428,0.0,0.0
2021-11-04,64791.92908994335,65155.92869157224,64154.92978709278,64245.9296875,11818987,0.0,0.0
2021-11-05,65155.932269408826,65155.932269408826,63881.93359375,63881.93359375,12667743,0.0,0.0
2021-11-08,64063.92988668555,64245.9296875,63517.93048424221,64245.9296875,11121981,0.0,0.0
2021-11-09,63972.945467641846,64609.944924645395,63790.94562278369,64154.9453125,11159589,0.0,0.0
2021-11-10,63972.9334991542,64518.93293157941,63881.93359375,63881.93359375,9422009,0.0,0.0
2021-11-11,63608.9375,63699.93741058655,63335.93776824034,63608.9375,11489122,0.0,0.0
2021-11-12,63881.93008587111,64518.92938872168,63608.93038464944,64245.9296875,10087450,0.0,0.0
2021-11-15,65246.933314732145,65428.93312872024,64518.93405877976,64973.93359375,12420710,0.0,0.0
2021-11-16,65064.93732468443,65519.93688639552,64882.93750000001,64882.9375,10919239,0.0,0.0
2021-11-17,64882.92121198727,65155.92088048091,64245.92198550212,64336.921875,11027606,0.0,0.0
2021-11-18,64336.933120771006,64609.932836983615,63881.93359375,63881.93359375,10144957,0.0,0.0
2021-11-19,64063.92661516854,64973.925572770364,63790.92692788799,64791.92578125,11954728,0.0,0.0
2021-11-22,66702.93883511348,68431.93724966623,66429.93908544726,68158.9375,27506623,0.0,0.0
2021-11-23,69159.92114873837,69159.92114873837,67794.92270501328,68522.921875,22029195,0.0,0.0
2021-11-24,69159.92855949198,69341.92837149065,67430.93034550468,68067.9296875,15652305,0.0,0.0
2021-11-25,68340.9363127544,68340.9363127544,66975.93758480325,67066.9375,12559258,0.0,0.0
2021-11-26,66884.92852048755,67430.92793698133,65519.92997925312,65792.9296875,13002242,0.0,0.0
2021-11-29,65246.930271006226,66429.92900674274,64973.930562759335,65792.9296875,16682559,0.0,0.0
2021-11-30,66611.9358345021,67248.93522089762,64154.938201262274,64882.9375,30364841,0.0,0.0
2021-12-01,65519.93195564517,68067.9293094758,65155.932333669356,67703.9296875,21954856,0.0,0.0
2021-12-02,67248.92383327837,68977.921875,67157.92393634564,68977.921875,23652940,0.0,0.0
2021-12-03,68795.921875,69159.92146164022,67430.92342509922,68795.921875,18330240,0.0,0.0
2021-12-06,68340.93079333224,69796.92931888925,68158.93097763762,69432.9296875,16391250,0.0,0.0
2021-12-07,69250.923187177,70706.92157218992,68795.92369186047,70433.921875,19232453,0.0,0.0
2021-12-08,71252.92096656977,71525.9206637597,70160.92217781008,70433.921875,21558340,0.0,0.0
2021-12-09,70433.93040680946,71161.9296875,70069.9307664642,71161.9296875,21604528,0.0,0.0
2021-12-10,70433.9292303316,70615.92904746425,69887.92977893369,69978.9296875,9155219,0.0,0.0
2021-12-13,70251.92932128906,71252.92831420898,69614.9299621582,69887.9296875,15038750,0.0,0.0
2021-12-14,69614.9223823052,70251.92167207792,69341.92268668831,70069.921875,10976660,0.0,0.0
2021-12-15,69523.93077480671,70615.9296875,69432.93086541559,70615.9296875,9584939,0.0,0.0
2021-12-16,71434.93693766066,71434.93693766066,70433.93782133676,70797.9375,11996128,0.0,0.0
2021-12-17,69887.93076923078,70979.9296875,69887.93076923078,70979.9296875,13108479,0.0,0.0
2021-12-20,70615.92136835279,70797.9211656939,69887.92217898833,70160.921875,11264375,0.0,0.0
2021-12-21,70888.92207506402,71252.92167493598,70524.92247519207,71070.921875,14245298,0.0,0.0
2021-12-22,71798.91460366813,72253.9140625,71707.91471190176,72253.9140625,17105892,0.0,0.0
2021-12-23,72617.92197277847,72799.92177722152,72162.92246167084,72708.921875,13577498,0.0,0.0
2021-12-24,72981.90659937888,73527.90590062112,72981.90659937888,73254.90625,12086380,0.0,0.0
2021-12-27,73345.9371882793,73345.9371882793,72617.9378117207,72981.9375,10783368,0.0,0.0
2021-12-28,72981.9219722914,73163.92177770859,72526.92245874844,73072.921875,18226325,0.0,0.0
2021-12-29,73311.5019035533,73311.5019035533,71757.51744923858,72031.75,19794795,361.0,0.0
2021-12-30,72123.15253831417,72671.61757662834,71391.86582056194,71574.6875,14236700,0.0,0.0
2022-01-04,72031.76242852605,72397.40589263024,71574.70809839581,71940.3515625,12427416,0.0,0.0
2022-01-05,72031.74398417312,72214.56566941214,69837.88376130491,70751.9921875,25470640,0.0,0.0
2022-01-06,70112.13140035761,70934.82916124837,70020.72053803642,70294.953125,12931954,0.0,0.0
2022-01-07,71391.86582056194,71666.09833971903,70751.98994252873,71574.6875,15163757,0.0,0.0
2022-01-10,71391.8796073718,71391.8796073718,70477.77103365384,71300.46875,9947422,0.0,0.0
2022-01-11,71666.09426489226,72214.55927202155,71300.45092680608,72123.1484375,13221123,0.0,0.0
2022-01-12,72671.61344462927,72763.02427915082,71848.91593393536,72123.1484375,11000502,0.0,0.0
2022-01-13,72488.8145860077,72488.8145860077,71209.0625,71209.0625,13889401,0.0,0.0
2022-01-14,71026.2214788163,71391.8648326326,70477.75644809185,70660.578125,10096725,0.0,0.0
2022-01-17,70934.82491935484,71117.64663306452,70294.94892137096,70843.4140625,8785122,0.0,0.0
2022-01-18,70934.81663961039,71117.63833198052,70020.70817775973,70386.3515625,9592788,0.0,0.0
2022-01-19,69929.29042431193,70294.93377293578,69563.64707568807,69746.46875,10598290,0.0,0.0
2022-01-20,69655.0487745098,70112.10290032679,69380.8162990196,69929.28125,9708168,0.0,0.0
2022-01-21,69289.43109292327,69289.43109292327,68283.91164434524,69106.609375,15774888,0.0,0.0
2022-01-24,68923.78726281624,69289.43069657123,68283.911253745,68649.5546875,13691134,0.0,0.0
2022-01-25,68375.31807432433,68558.1397804054,66912.74442567567,67644.03125,17766704,0.0,0.0
2022-01-26,67644.03125,67644.03125,67644.03125,67644.03125,0,0.0,0.0
2022-01-27,67461.22901691795,67644.0507757714,65175.95703125,65175.95703125,22274777,0.0,0.0
2022-01-28,65175.92396401774,67369.78395719646,65084.513130968626,67004.140625,21367447,0.0,0.0
2022-02-03,68466.71395378582,68466.71395378582,67004.140625,67004.140625,17744721,0.0,0.0
2022-02-04,67918.26380912162,68192.49636824324,67095.56613175676,67644.03125,12730034,0.0,0.0
2022-02-07,67186.96826840754,67278.37910958905,66181.44901541097,66729.9140625,14240838,0.0,0.0
2022-02-08,66729.9140625,66729.9140625,66729.9140625,66729.9140625,0,0.0,0.0
2022-02-09,66729.9140625,66729.9140625,66729.9140625,66729.9140625,0,0.0,0.0
2022-02-10,69106.59511770557,69289.41679791115,68283.8975567805,68923.7734375,17746033,0.0,0.0
2022-02-11,68558.13741238318,69015.19166179906,68192.49401285047,68466.7265625,12205407,0.0,0.0
2022-02-14,68009.67282903663,68101.0836796133,66821.33177154002,67369.796875,13993255,0.0,0.0
2022-02-15,67735.44027730664,67826.8511278833,66821.33177154002,67369.796875,9320365,0.0,0.0
2022-02-16,68192.51418365641,68466.74681442179,67826.87067596924,68375.3359375,10767386,0.0,0.0
2022-02-17,68558.1328125,69106.597875,68101.07859375,68558.1328125,13605382,0.0,0.0
2022-02-18,68192.48250336474,68375.30417227455,67369.78499327053,67918.25,10122226,0.0,0.0
2022-02-21,67918.25,67918.25,67918.25,67918.25,0,0.0,0.0
2022-02-22,67918.25,67918.25,67918.25,67918.25,0,0.0,0.0
2022-02-23,67918.25,67918.25,67918.25,67918.25,0,0.0,0.0
2022-02-24,66090.0446131993,66090.0446131993,65175.93611232517,65358.7578125,15759283,0.0,0.0
2022-02-25,65907.2201299548,66364.2743610918,65724.3984375,65724.3984375,13168484,0.0,0.0
2022-02-28,65724.3984375,65724.3984375,65724.3984375,65724.3984375,0,0.0,0.0
2022-03-02,66090.04321391214,66181.45406206416,65358.75642869595,65541.578125,12481430,0.0,0.0
2022-03-03,66090.04272762345,66821.32950745885,65998.63188014404,66638.5078125,13232638,0.0,0.0
2022-03-04,66638.5078125,66638.5078125,66638.5078125,66638.5078125,0,0.0,0.0
2022-03-07,63987.58915834522,64536.05420827389,63896.17831669044,64079.0,18617138,0.0,0.0
2022-03-08,62890.655395683454,63987.585431654676,62799.24455935252,63530.53125,15828269,0.0,0.0
2022-03-10,63530.53125,63530.53125,63530.53125,63530.53125,0,0.0,0.0
2022-03-11,64444.647991071426,64627.4696875,63713.36120535714,63987.59375,15787655,0.0,0.0
2022-03-14,63987.60405537749,64170.42578125,63621.96060363248,64170.42578125,9040993,0.0,0.0
2022-03-15,64170.42578125,64170.42578125,64170.42578125,64170.42578125,0,0.0,0.0
2022-03-16,64170.404896129265,64444.63739568537,63713.350730202415,64353.2265625,10175750,0.0,0.0
2022-03-17,64353.2265625,64353.2265625,64353.2265625,64353.2265625,0,0.0,0.0
2022-03-18,64536.05010166195,64810.282609176094,64170.40675830976,64627.4609375,14410038,0.0,0.0
2022-03-21,64810.28416152539,64901.694999552936,63896.17578125,63896.17578125,11169002,0.0,0.0
2022-03-22,63896.18860575213,64444.65374399893,63896.18860575213,64261.83203125,9402666,0.0,0.0
2022-03-23,64536.05928634752,65084.52437943262,64261.826739804965,64444.6484375,12398025,0.0,0.0
2022-03-24,63621.95563216332,64261.83162271669,63621.95563216332,63804.77734375,37943357,0.0,0.0
2022-03-25,64079.009911130015,64170.42076692335,63621.95563216332,63804.77734375,12986010,0.0,0.0
2022-03-28,63530.54547390602,63896.18890109397,63256.31290351506,63713.3671875,12619289,0.0,0.0
2022-03-29,63987.60405537749,64261.83664418625,63804.78232950498,64170.42578125,13686208,0.0,0.0
2022-03-30,64593.998262026114,64777.764971164164,64134.58148918098,64226.46484375,12670187,361.0,0.0
2022-03-31,64226.45470770474,64502.10472790948,63950.8046875,63950.8046875,12510366,0.0,0.0
2022-04-01,63858.94364485347,63858.94364485347,63399.52678409913,63491.41015625,15916846,0.0,0.0
2022-04-04,63307.638415404035,63675.171875,63031.98832070707,63675.171875,11107905,0.0,0.0
2022-04-05,63767.04012373555,63950.806809971094,63491.39009438222,63583.2734375,8467248,0.0,0.0
2022-04-06,63031.9810104927,63215.747718978106,62940.09765625,62940.09765625,15517308,0.0,0.0
2022-04-07,62940.10038488051,62940.10038488051,62480.68359375,62480.68359375,20683327,0.0,0.0
2022-04-08,62572.57197179204,62756.33870298673,62205.03850940266,62296.921875,15453191,0.0,0.0
2022-04-11,62296.90962122607,62572.55966379787,61929.37623113034,62388.79296875,12263735,0.0,0.0
2022-04-12,62113.13990205224,62205.02324510261,61561.83984375,61561.83984375,13924389,0.0,0.0
2022-04-13,61837.492517285296,63399.50941593886,61745.60917030567,63123.859375,17378619,0.0,0.0
2022-04-14,63123.85795138889,63123.85795138889,62021.2578125,62021.2578125,16409494,0.0,0.0
2022-04-15,61745.61655405405,61837.49991202139,61102.433048282655,61194.31640625,13176415,0.0,0.0
2022-04-18,61102.42860991379,61653.72871767241,60734.89520474138,61286.1953125,10119203,0.0,0.0
2022-04-19,61653.72938916233,62480.679559806835,61561.8460368685,61837.49609375,12959434,0.0,0.0
2022-04-20,61561.84161721068,61929.375,61102.42488872404,61929.375,16693293,0.0,0.0
2022-04-21,62113.147895125556,62756.33137924668,62021.26454025111,62205.03125,12847448,0.0,0.0
2022-04-22,61745.606529850746,61837.48987290112,61286.18981459888,61561.83984375,11791478,0.0,0.0
2022-04-25,61102.4386076546,61286.2053403092,60918.671875,60918.671875,11016474,0.0,0.0
2022-04-26,61010.54850605143,61286.19857460287,60734.8984375,60734.8984375,12946923,0.0,0.0
2022-04-27,60091.71310096153,60183.59645432692,59632.29633413461,59724.1796875,18122084,0.0,0.0
2022-04-28,60091.714192708336,60183.597547743055,59264.763997395836,59540.4140625,16895527,0.0,0.0
2022-04-29,59816.05804896142,62113.14169139466,59724.17470326409,61929.375,26190390,0.0,0.0
2022-05-02,61194.31262769316,62113.146150631495,61102.42927539933,61837.49609375,14106184,0.0,0.0
2022-05-03,61929.37446759259,62848.207916666666,61837.491122685184,62021.2578125,14168875,0.0,0.0
2022-05-04,62480.67631627394,62848.209706369664,62021.25957865427,62388.79296875,11505248,0.0,0.0
2022-05-06,61561.84645206767,61653.7298049812,61102.4296875,61102.4296875,14356156,0.0,0.0
2022-05-10,60551.13390648783,60918.66734446347,59999.833749524354,60367.3671875,17235605,0.0,0.0
2022-05-11,60183.60046851217,60918.66734446347,59907.95039003044,60367.3671875,12330920,0.0,0.0
2022-05-12,59907.9469375963,60183.5970001926,59632.296875,59632.296875,16414188,0.0,0.0
2022-05-13,59999.8294525376,61286.19639332707,59907.94609962406,61102.4296875,14551536,0.0,0.0
2022-05-16,61653.738805618406,61929.3889046003,60734.9051423454,60918.671875,11937555,0.0,0.0
2022-05-17,61194.30718380178,62388.79065735947,61194.30718380178,62113.140625,15680447,0.0,0.0
2022-05-18,62756.32920337738,63123.86261013216,62113.14574155653,62572.5625,16486319,0.0,0.0
2022-05-19,61102.424363425926,62113.14115740741,61102.424363425926,62021.2578125,17073727,0.0,0.0
2022-05-20,62296.916877297794,62848.21702665441,62205.033519071694,62480.68359375,12109671,0.0,0.0
2022-05-23,63215.74309646539,63215.74309646539,62113.1429261782,62388.79296875,13684088,0.0,0.0
2022-05-24,62021.263216635336,62205.0299224624,61102.4296875,61102.4296875,15482576,0.0,0.0
2022-05-25,61286.20086008095,61653.73429852221,60551.133983198415,61010.55078125,15150490,0.0,0.0
2022-05-26,60918.67017379552,61745.62044764795,60183.60326370448,60551.13671875,15970890,0.0,0.0
2022-05-27,61286.19639332707,61469.963099154134,60826.779628759396,61102.4296875,11405555,0.0,0.0
2022-05-30,62021.26454025111,62296.914604874444,61469.96441100443,62205.03125,14255484,0.0,0.0
2022-05-31,62021.25834569733,62021.25834569733,61286.19158011869,61929.375,24365002,0.0,0.0
2022-06-02,61194.31196120689,61561.845366379304,61010.54525862069,61286.1953125,14959443,0.0,0.0
2022-06-03,61745.61545658683,61837.49881292103,61378.08203125,61378.08203125,8222883,0.0,0.0
2022-06-07,60826.77719465649,61010.54389312977,60091.71040076336,60183.59375,19355755,0.0,0.0
2022-06-08,60091.715388112556,60367.36545870023,59999.83203125,59999.83203125,12483180,0.0,0.0
2022-06-09,59816.058060534895,59907.94140625,59264.75798624425,59907.94140625,25790725,0.0,0.0
2022-06-10,58805.34874608151,59172.88217574452,58621.58203125,58621.58203125,22193552,0.0,0.0
2022-06-13,57335.208635265706,57702.7420239533,57059.55859375,57059.55859375,22157816,0.0,0.0
2022-06-14,56232.61338852989,57151.44694063005,56140.73003331987,56875.796875,24606419,0.0,0.0
2022-06-15,56324.49148604819,56508.25817931425,55313.774673084845,55773.19140625,26811224,0.0,0.0
2022-06-16,56324.49827457922,56783.91506311576,55589.43141292077,55956.96484375,23394895,0.0,0.0
2022-06-17,54578.712675062714,55038.12944842182,54578.712675062714,54946.24609375,29053450,0.0,0.0
2022-06-20,54946.24421049829,55038.12756202087,53384.22723461456,53935.52734375,34111306,0.0,0.0
2022-06-21,53935.52842548077,54394.94519230769,53476.11165865384,53751.76171875,25148109,0.0,0.0
2022-06-22,54211.17546929254,54303.05881754558,52924.80859375,52924.80859375,23334687,0.0,0.0
2022-06-23,53016.69301910932,53292.34306946864,52189.74286803136,52741.04296875,28338608,0.0,0.0
2022-06-24,53200.4582619863,54303.05843321918,53016.69156678082,53659.875,23256103,0.0,0.0
2022-06-27,54211.17293792517,55038.12303358843,53567.98953018707,54027.40625,18122236,0.0,0.0
2022-06-28,54394.93644781145,54670.58646359428,53935.51975484007,54578.703125,13540538,0.0,0.0
2022-06-29,54080.43689385775,54357.77246767241,53618.2109375,53618.2109375,14677138,361.0,0.0
2022-06-30,52878.644270833334,53248.425,52693.75390625,52693.75390625,18915142,0.0,0.0
2022-07-01,52601.31557912588,53155.986745162365,51676.86363573176,51954.19921875,24982097,0.0,0.0
2022-07-04,51861.743555713656,53063.5308395359,51491.962852999124,52786.1953125,17807126,0.0,0.0
2022-07-05,53248.429195804194,53803.10033326049,52878.6484375,52878.6484375,14216539,0.0,0.0
2022-07-06,52971.08469082447,52971.08469082447,52139.078125,52139.078125,16820461,0.0,0.0
2022-07-07,52139.084326675256,54265.323581131874,52046.639141698884,53803.09765625,21322833,0.0,0.0
2022-07-08,54172.882932282795,54819.99928130324,53803.102161413975,54265.328125,15339271,0.0,0.0
2022-07-11,54819.991523171775,55097.32706207483,54265.32044536565,54357.765625,13042624,0.0,0.0
2022-07-12,54172.88614726764,54265.33134547117,53710.66015625,53710.66015625,9336061,0.0,0.0
2022-07-13,53895.54651131465,54172.882085129306,53618.2109375,53618.2109375,10841315,0.0,0.0
2022-07-14,53155.98046875,53803.09675271739,53063.53528532609,53155.98046875,15067012,0.0,0.0
2022-07-15,53987.990260416664,55467.11328125,53710.654694010416,55467.11328125,18685583,0.0,0.0
2022-07-18,56021.77906653877,57316.01158622779,55929.333886560984,57223.56640625,20832517,0.0,0.0
2022-07-19,56761.34704690066,56853.79223753078,55652.00475933908,56299.12109375,15248261,0.0,0.0
2022-07-20,57131.11933109504,57408.45486182851,55929.33203125,55929.33203125,16782238,0.0,0.0
2022-07-21,56484.01255941545,57223.574098654935,56114.23178979571,57131.12890625,12291374,0.0,0.0
2022-07-22,57131.12436276509,57500.90510297716,56576.45325244698,56668.8984375,10261310,0.0,0.0
2022-07-25,56299.125230155485,57223.577204378074,56206.680032733224,56484.015625,9193681,0.0,0.0
2022-07-26,56206.67301458671,57223.570059258505,56206.67301458671,57038.6796875,6597211,0.0,0.0
2022-07-27,56668.90294422532,57223.574098654935,56576.45775182039,57131.12890625,7320997,0.0,0.0
2022-07-28,57593.34712616115,57870.68266609451,56946.23086631664,57223.56640625,10745302,0.0,0.0
2022-07-29,57685.79560260586,57870.68597312703,56668.898564739415,56761.34375,15093120,0.0,0.0
2022-08-01,56391.56288234094,57038.67917771207,55744.44658696982,56668.8984375,13154816,0.0,0.0
2022-08-02,56576.45375810373,57223.570059258505,56391.56338634522,57038.6796875,13614895,0.0,0.0
2022-08-03,56946.23399265905,56946.23399265905,56391.56288234094,56668.8984375,10053861,0.0,0.0
2022-08-04,57038.68335238821,57131.12854420731,56576.45739329268,56853.79296875,9125439,0.0,0.0
2022-08-05,57038.68335238821,57223.57373602642,56576.45739329268,56853.79296875,9567620,0.0,0.0
2022-08-08,56761.33508943256,56761.33508943256,56021.77372018914,56206.6640625,11313150,0.0,0.0
2022-08-09,56021.7844140625,56114.22960286459,55097.33252604167,55467.11328125,18251170,0.0,0.0
2022-08-10,54450.215094913285,54727.55065566836,54172.87953415821,54635.10546875,18084349,0.0,0.0
2022-08-11,55097.33240296327,55467.11315734557,54819.99683717654,55374.66796875,15141941,0.0,0.0
2022-08-12,55004.887581758725,56114.2298523152,54912.44239254568,55652.00390625,10786658,0.0,0.0
2022-08-16,55929.344326331964,56946.24149590164,55744.45393186475,56391.5703125,15036727,0.0,0.0
2022-08-17,56484.01085859892,56576.4560482202,55744.44934162873,55836.89453125,9061518,0.0,0.0
2022-08-18,55744.45066692073,57223.57373602642,55467.11509146341,56853.79296875,16372754,0.0,0.0
2022-08-19,56761.34704690066,56946.237428160915,56021.7855218596,56299.12109375,6923679,0.0,0.0
2022-08-22,55744.44884765625,55836.89403645833,55282.22290364583,55467.11328125,8259865,0.0,0.0
2022-08-23,54542.66028183164,55097.33140334179,54542.66028183164,54635.10546875,9041629,0.0,0.0
2022-08-24,54727.55444915254,55004.89002913136,54542.6640625,54542.6640625,8888486,0.0,0.0
2022-08-25,54727.551402847566,55189.77734375,54542.661026486596,55189.77734375,5767902,0.0,0.0
2022-08-26,55744.44884765625,56299.11998046875,55374.668092447915,55467.11328125,9499995,0.0,0.0
2022-08-29,54265.324092096846,54450.21446379053,54172.87890625,54172.87890625,9841329,0.0,0.0
2022-08-30,54265.32044536565,54542.65598426871,53895.53972682823,54357.765625,9690044,0.0,0.0
2022-08-31,53803.09952104271,55374.66772011097,53803.09952104271,55189.77734375,14203512,0.0,0.0
2022-09-01,54265.3238374893,54450.2142083155,53895.5430958369,53987.98828125,14905777,0.0,0.0
2022-09-02,53895.54193614131,54172.87748641305,53155.98046875,53155.98046875,15040310,0.0,0.0
2022-09-05,53063.5308395359,53433.311542250434,52508.8597854641,52786.1953125,11425977,0.0,0.0
2022-09-06,52878.64048817863,53248.42119089317,52601.304961142734,52786.1953125,7503086,0.0,0.0
2022-09-07,52416.42495117187,52416.42495117187,51676.86339983259,51769.30859375,17384854,0.0,0.0
2022-09-08,51954.19850213579,52139.088888264385,51399.52734375,51399.52734375,18000016,0.0,0.0
2022-09-13,52693.76297601119,54080.44094906411,52508.87257960413,53710.66015625,17166581,0.0,0.0
2022-09-14,51954.19605523768,52878.64794234155,51861.75086652729,52508.8671875,12524961,0.0,0.0
2022-09-15,52693.76053292411,52786.20572684152,51769.30859375,51769.30859375,11664819,0.0,0.0
2022-09-16,51399.52805271352,52139.089607428825,51307.08285837411,51954.19921875,13456503,0.0,0.0
2022-09-19,52046.63295101951,52693.749168882976,51769.29742907801,52139.078125,12278653,0.0,0.0
2022-09-20,52139.08518145161,52693.75630040323,51584.4140625,51584.4140625,14041465,0.0,0.0
2022-09-21,51214.62877203888,51307.07395032776,50844.84805888336,51122.18359375,11863700,0.0,0.0
2022-09-22,50475.073974609375,50567.51916503906,50197.73840332031,50290.18359375,12786510,0.0,0.0
2022-09-23,50290.175917431196,50752.40179902523,50105.28556479358,50382.62109375,10555964,0.0,0.0
2022-09-26,49643.05497738868,50105.280815166974,49550.609809833026,49827.9453125,15008449,0.0,0.0
2022-09-27,49735.51220883303,50105.29296875,49458.1766388953,50105.29296875,16631289,0.0,0.0
2022-09-28,49827.95577593336,50290.18171077505,48533.72315837665,48903.50390625,19991129,0.0,0.0
2022-09-29,49611.84392823194,49984.16545865019,48960.28125,48960.28125,13882080,361.0,0.0
2022-09-30,48681.0405264242,49891.08551082862,48215.63860934557,49425.68359375,22503249,0.0,0.0
2022-10-04,51473.45538949275,51566.535778985504,50728.81227355073,51380.375,19148435,0.0,0.0
2022-10-05,52962.7430594308,53241.98423549107,51566.53717912947,52125.01953125,22458970,0.0,0.0
2022-10-06,52776.57936001332,53335.0616812833,52404.2578125,52404.2578125,14944446,0.0,0.0
2022-10-07,52031.94240018906,52962.74637872553,51380.379615213526,52311.18359375,16886813,0.0,0.0
2022-10-11,50635.72743682311,51845.77239395307,50263.40591155235,51566.53125,21437877,0.0,0.0
2022-10-12,51845.77508260529,53055.820102486556,51380.373151881715,51938.85546875,18408910,0.0,0.0
2022-10-13,51566.535778985504,52218.098505434784,51380.375,51380.375,13784602,0.0,0.0
2022-10-14,52311.17742562167,52590.41858625666,51938.85587810835,52404.2578125,12924326,0.0,0.0
2022-10-17,51938.853039421374,53055.81762091431,51845.7726576303,52683.49609375,13641878,0.0,0.0
2022-10-18,52776.58658047566,53148.90817892699,51938.86298396018,52590.42578125,14820702,0.0,0.0
2022-10-19,52776.57894405242,52962.73971634184,51845.77508260529,51938.85546875,12660652,0.0,0.0
2022-10-20,51380.37212837838,52125.0152027027,51287.29174408784,51659.61328125,17107653,0.0,0.0
2022-10-21,51287.29438729875,52404.25905635063,51287.29438729875,52031.9375,11456060,0.0,0.0
2022-10-24,53055.8207201087,53521.22265625,52776.57955842392,53521.22265625,16944503,0.0,0.0
2022-10-25,53055.82010940208,54545.10628791161,53055.82010940208,53707.3828125,17405678,0.0,0.0
2022-10-26,53986.62076494108,55475.90685500842,53707.37962305346,55289.74609375,20824967,0.0,0.0
2022-10-27,55568.992811186974,55941.31437106093,54824.34969143908,55382.83203125,21756712,0.0,0.0
2022-10-28,54824.34469758944,55103.585842059336,53241.97821226003,53335.05859375,20924937,0.0,0.0
2022-10-31,54079.70114557029,55755.14799689605,53986.62076494108,55289.74609375,18999514,0.0,0.0
2022-11-01,55755.153984375,56127.475546875,55382.832421875,55848.234375,17201647,0.0,0.0
2022-11-02,55568.99054241821,55848.23170092282,55196.668997745386,55475.91015625,13202919,0.0,0.0
2022-11-03,54545.11138091216,55662.07611908783,54079.70940667229,55103.59375,17492162,0.0,0.0
2022-11-04,55010.50495186238,55382.82647437921,54358.94228745792,55289.74609375,12445841,0.0,0.0
2022-11-07,55568.98870950997,56127.47100809801,55289.74756021595,56034.390625,12437246,0.0,0.0
2022-11-08,56313.63082145024,57616.75616277306,56313.63082145024,57523.67578125,18273898,0.0,0.0
2022-11-09,57709.84375,57896.00453629032,57058.28099798387,57709.84375,14045592,0.0,0.0
2022-11-10,57151.35460213162,57244.434984219784,56220.55078125,56220.55078125,21087633,0.0,0.0
2022-11-11,58733.72327106518,58826.803656597775,57989.08018680445,58547.5625,20037163,0.0,0.0
2022-11-14,58547.565623737886,58547.565623737886,57430.600937752424,57616.76171875,15973416,0.0,0.0
2022-11-15,57895.99938651843,58175.24054111579,57337.51707732372,58082.16015625,12310986,0.0,0.0
2022-11-16,58082.16507177034,58361.40625,57430.602322567785,58361.40625,12909260,0.0,0.0
2022-11-17,57709.84171416938,57709.84171416938,57058.27898513844,57151.359375,13298296,0.0,0.0
2022-11-18,57523.67578125,58082.15807038835,57151.35425515777,57523.67578125,12236503,0.0,0.0
2022-11-21,57151.359375,57523.68093444625,56592.87703583062,57151.359375,9378097,0.0,0.0
2022-11-22,56685.96385751856,56965.20505878713,56127.48145498143,56406.72265625,9411289,0.0,0.0
2022-11-23,56965.19200819672,57058.27238729508,56499.79011270492,56779.03125,8765050,0.0,0.0
2022-11-24,56965.198595276874,57430.60054458469,56685.957425692184,57151.359375,8125010,0.0,0.0
2022-11-25,57151.352766393444,57430.593903688525,56592.87049180328,56779.03125,6677933,0.0,0.0
2022-11-28,56313.63011517263,56313.63011517263,55662.067452683026,55941.30859375,8589032,0.0,0.0
2022-11-29,55755.15985329002,56406.72265625,55662.07945286716,56406.72265625,7014160,0.0,0.0
2022-11-30,56220.556847869775,57896.00390625,56034.3960636053,57896.00390625,19768903,0.0,0.0
2022-12-01,58733.722231928914,58826.8026158147,57989.07916084265,58268.3203125,16631445,0.0,0.0
2022-12-02,58175.238805101406,58175.238805101406,56220.55078125,56220.55078125,15331184,0.0,0.0
2022-12-05,56685.95497123756,56872.11574290008,55848.23149875621,56127.47265625,13767787,0.0,0.0
2022-12-06,55662.07611908783,55941.31730363175,55103.59375,55103.59375,13888300,0.0,0.0
2022-12-07,54731.25947050085,55475.902456494056,54452.018350753395,54824.33984375,12100662,0.0,0.0
2022-12-08,54638.19177576013,55103.59375,54545.11138091216,55103.59375,12986815,0.0,0.0
2022-12-09,55196.666578280216,56406.711545426326,55196.666578280216,56220.55078125,10529632,0.0,0.0
2022-12-12,55755.15359112395,55848.23398109244,55289.75164128152,55382.83203125,9036472,0.0,0.0
2022-12-13,55475.90789886935,56127.470575533924,55289.747134108045,55568.98828125,9040873,0.0,0.0
2022-12-14,55662.070118801654,56406.71319731405,55662.070118801654,56313.6328125,8207485,0.0,0.0
2022-12-15,55662.0659517285,56034.3874631113,55196.6640625,55196.6640625,8716039,0.0,0.0
2022-12-16,54265.867351628156,55382.83203125,54265.867351628156,55382.83203125,13033596,0.0,0.0
2022-12-19,55382.83203125,55755.15359112395,55010.51047137605,55382.83203125,7696187,0.0,0.0
2022-12-20,54917.42700778584,55010.507392544794,54452.025083991044,54545.10546875,9284761,0.0,0.0
2022-12-21,54638.17980872845,55010.50130657327,53986.6171875,53986.6171875,10356971,0.0,0.0
2022-12-22,54079.70779795897,55010.51171875,54079.70779795897,55010.51171875,10720630,0.0,0.0
2022-12-23,54172.78350903615,54358.944277108436,53707.38158885542,54079.703125,9829407,0.0,0.0
2022-12-26,53986.623353842835,54079.70373893567,53707.38219856434,53893.54296875,6756411,0.0,0.0
2022-12-27,53986.62274096386,54358.944277108436,53893.54235692771,54079.703125,10667027,0.0,0.0
2022-12-28,53949.510159010606,53949.510159010606,52825.56203069788,53012.88671875,14665410,361.0,0.0
2022-12-29,52450.917721518985,52638.24242766727,51795.28125,51795.28125,11295935,0.0,0.0
2023-01-02,51982.6015625,52544.575633445944,51701.61452702703,51982.6015625,10031448,0.0,0.0
2023-01-03,51888.9375,52450.91155234657,51045.97642148015,51888.9375,13547030,0.0,0.0
2023-01-04,52169.926673334776,54324.16062932526,52076.26432742215,54136.8359375,20188071,0.0,0.0
2023-01-05,54511.484375,55073.458440721646,53949.51030927835,54511.484375,15682826,0.0,0.0
2023-01-06,54605.152582097464,55635.438479872886,54230.50316472458,55260.7890625,17334989,0.0,0.0
2023-01-09,55916.41568420511,56853.0390625,55822.75334637562,56853.0390625,18640107,0.0,0.0
2023-01-10,56384.733896419704,57227.695034406046,56103.74685042426,56572.05859375,14859797,0.0,0.0
2023-01-11,57134.03441373967,57321.35911673553,56478.397953254134,56665.72265625,12310751,0.0,0.0
2023-01-12,57227.696765237604,57321.35911673553,56103.748547262396,56665.72265625,16102561,0.0,0.0
2023-01-13,56665.71610300165,57321.35248766448,56572.05376233553,56946.703125,12510328,0.0,0.0
2023-01-16,57415.02392977701,57696.01099631751,56946.7121522095,57227.69921875,10039972,0.0,0.0
2023-01-17,57321.35594262295,57602.342981557376,56759.3818647541,57134.03125,9831456,0.0,0.0
2023-01-18,56853.04563974545,57134.032685740895,56103.74685042426,56572.05859375,11584041,0.0,0.0
2023-01-19,56665.720274390245,57602.34375,56572.05792682927,57602.34375,12808490,0.0,0.0
2023-01-20,58164.315154733005,58351.63984122168,57227.691722289645,57883.328125,9646327,0.0,0.0
2023-01-25,59475.59423750987,59662.91894376974,59007.282471860184,59288.26953125,39217,0.0,0.0
2023-01-26,59756.5859375,59850.24829790361,59288.274135481974,59756.5859375,54188,0.0,0.0
2023-01-27,60318.55420375387,60880.528311242255,59850.24244751354,60505.87890625,44282,0.0,0.0
2023-01-30,60786.867181328984,60786.867181328984,59100.944824990125,59288.26953125,59628,0.0,0.0
2023-01-31,59475.592967477605,59662.91766973738,57134.03418923046,57508.68359375,163847,0.0,0.0
2023-02-01,58632.6287909836,58726.291137295084,57134.03125,57134.03125,98585,0.0,0.0
2023-02-02,59194.60280511811,59850.239228592516,58632.62872785433,59475.58984375,65992,0.0,0.0
2023-02-03,59850.239228592516,59943.90157480315,59007.27811269685,59475.58984375,47567,0.0,0.0
2023-02-06,58819.95601663961,59007.28071732955,57696.0078125,57696.0078125,144104,0.0,0.0
2023-02-07,57976.99780115927,58538.97193170363,57696.010735887096,58070.66015625,32873,0.0,0.0
2023-02-08,58819.95825079239,59288.27002030507,58445.30883518225,59100.9453125,42558,0.0,0.0
2023-02-09,59007.282471860184,59288.26953125,58351.645999950626,59288.26953125,48035,0.0,0.0
2023-02-10,58632.63014209062,59007.27953596979,58445.30544515103,58913.6171875,44786,0.0,0.0
2023-02-13,58913.6171875,59007.27953596979,58351.64309668124,58913.6171875,59395,0.0,0.0
2023-02-14,59569.254870450946,59850.24192172666,59194.60546875,59194.60546875,70606,0.0,0.0
2023-02-15,59850.24439811093,59850.24439811093,58070.659666398715,58257.984375,58370,0.0,0.0
2023-02-16,58538.965916895606,59662.9140625,58445.30357142857,59662.9140625,41448,0.0,0.0
2023-02-17,58913.61594573682,59288.26533171925,58445.30421325879,58632.62890625,28613,0.0,0.0
2023-02-20,58913.621585925044,59007.28394138756,57883.33567583733,58726.296875,29846,0.0,0.0
2023-02-21,58726.290477807976,58819.95282306764,58070.65406099034,58164.31640625,60971,0.0,0.0
2023-02-22,57602.34864080401,57883.33570734452,57134.0368632365,57227.69921875,39178,0.0,0.0
2023-02-23,57789.67309097782,58538.97193170363,57602.34838079637,58070.66015625,37145,0.0,0.0
2023-02-24,58351.643014630914,58632.630059645184,57415.01953125,57415.01953125,50792,0.0,0.0
2023-02-27,56946.7097107438,56946.7097107438,56384.7356017562,56665.72265625,11155697,0.0,0.0
2023-02-28,56946.71926567657,57508.69346895627,56665.732164036715,56759.39453125,13715861,0.0,0.0
2023-03-02,57040.365465666124,57883.32653166119,56665.71610300165,56946.703125,13095682,0.0,0.0
2023-03-03,57134.03441373967,57321.35911673553,56665.72265625,56665.72265625,10711405,0.0,0.0
2023-03-06,57227.6943597561,57696.006097560974,56946.707317073175,57602.34375,13630602,0.0,0.0
2023-03-07,57508.67542730643,57508.67542730643,56853.0390625,56853.0390625,11473280,0.0,0.0
2023-03-08,56291.07373289801,56665.72314210199,56103.74902829602,56478.3984375,14161857,0.0,0.0
2023-03-09,56665.71969893927,56946.70673876872,56103.745619280366,56291.0703125,14334499,0.0,0.0
2023-03-10,55729.1015625,55916.42627363445,55354.45214023109,55729.1015625,11902471,0.0,0.0
2023-03-13,56103.75170572917,56384.73877604167,55541.77756510417,56197.4140625,12779724,0.0,0.0
2023-03-14,55635.438479872886,55729.10083421611,55260.7890625,55260.7890625,12147346,0.0,0.0
2023-03-15,56197.4106396321,56478.397692830265,55822.76123536789,56010.0859375,10482149,0.0,0.0
2023-03-16,55448.11352253756,56384.737061769614,55354.45116861436,56103.75,10611939,0.0,0.0
2023-03-17,56946.70778955954,57415.01953125,56759.383092883356,57415.01953125,14090110,0.0,0.0
2023-03-20,57227.69552014119,57321.35786960133,56384.734375,56384.734375,9618009,0.0,0.0
2023-03-21,56665.72314210199,56853.04784670398,56291.07373289801,56478.3984375,8318514,0.0,0.0
2023-03-22,57134.0368632365,57321.36157426351,56665.725085668986,57227.69921875,8978591,0.0,0.0
2023-03-23,56759.37696880016,58351.63671875,56759.37696880016,58351.63671875,15381057,0.0,0.0
2023-03-24,58726.29808407738,59288.27222842262,58351.64865451389,59007.28515625,18278602,0.0,0.0
2023-03-27,58632.628132548314,58819.95282306764,58070.65406099034,58164.31640625,11039331,0.0,0.0
2023-03-28,58445.30544515103,58913.6171875,58164.318399741656,58913.6171875,11614118,0.0,0.0
2023-03-29,58538.97216407496,58726.296875,58257.9850976874,58726.296875,11216008,0.0,0.0
2023-03-30,60008.42609646954,60008.42609646954,59443.197593206096,59537.40234375,15684377,361.0,0.0
2023-03-31,60291.03125,60291.03125,60008.41704101563,60291.03125,14094479,0.0,0.0
2023-04-03,60291.0380348653,60291.0380348653,59348.99056557052,59443.1953125,11973133,0.0,0.0
2023-04-04,59725.813151041664,60102.63216145833,59160.584635416664,59914.22265625,11120514,0.0,0.0
2023-04-05,60008.41864730047,60291.03286384977,59725.804430751174,60196.828125,9176149,0.0,0.0
2023-04-06,59820.00761812801,59914.21235453451,58689.55078125,58689.55078125,14992747,0.0,0.0
2023-04-07,60102.617463942304,61421.483677884615,60102.617463942304,61233.07421875,27476120,0.0,0.0
2023-04-10,61044.66909246575,62457.740136272834,60950.46435621195,61892.51171875,18777166,0.0,0.0
2023-04-11,62363.5439349393,62363.5439349393,61609.90594176783,62080.9296875,16323183,0.0,0.0
2023-04-12,61986.71553030303,62363.53446969697,61515.69185606061,62175.125,15021313,0.0,0.0
2023-04-13,61798.31221633888,62269.3359375,61609.90272787443,62269.3359375,15091022,0.0,0.0
2023-04-14,62740.3602390553,62740.3602390553,61233.084317396315,61327.2890625,16176490,0.0,0.0
2023-04-17,61233.08109207504,61798.30953292496,60950.46687165008,61515.6953125,13486618,0.0,0.0
2023-04-18,62080.92280987996,62175.12754858994,61044.67068407012,61798.30859375,14802060,0.0,0.0
2023-04-19,61704.1015625,61986.71576812977,61515.69209208015,61704.1015625,10255985,0.0,0.0
2023-04-20,61327.285832216694,61515.6953125,60856.262131508425,61515.6953125,9501169,0.0,0.0
2023-04-21,61986.71645500381,62080.921191257614,61609.89750998859,61892.51171875,10538622,0.0,0.0
2023-04-24,61515.6891056365,61892.508028182514,61044.665452453984,61421.484375,12986581,0.0,0.0
2023-04-25,61515.70345052083,61609.908203125,59725.813151041664,59914.22265625,16193271,0.0,0.0
2023-04-26,59914.21458170827,60573.64776106669,59631.60036198323,60385.23828125,12664541,0.0,0.0
2023-04-27,60385.23414522059,61233.076746323524,59631.596277573524,60856.2578125,14779601,0.0,0.0
2023-04-28,61421.48735687023,62080.920503339694,61233.07788645038,61704.1015625,19699481,0.0,0.0
2023-05-02,62175.12592751141,62457.740136272834,61327.28330122717,61892.51171875,14396948,0.0,0.0
2023-05-03,61327.28422448394,61798.30791284404,61138.874749139904,61609.8984375,8876749,0.0,0.0
2023-05-04,61798.31278801843,61892.51753312212,60950.47008208525,61327.2890625,9791064,0.0,0.0
2023-05-08,62457.74868408573,62457.74868408573,61609.90594176783,62080.9296875,9405365,0.0,0.0
2023-05-09,61986.71901320827,61986.71901320827,61327.285832216694,61515.6953125,9366861,0.0,0.0
2023-05-10,61704.10041360294,61704.10041360294,60573.64361213235,60856.2578125,13057727,0.0,0.0
2023-05-11,60950.46115654206,61327.2800817757,60479.4375,60479.4375,11648905,0.0,0.0
2023-05-12,60008.41932161662,60856.261980791736,59914.21458170827,60385.23828125,8693913,0.0,0.0
2023-05-15,60385.23574370155,60856.259423449614,60196.826271802325,60762.0546875,8172021,0.0,0.0
2023-05-16,61986.71738818807,62080.92212586009,61515.69369982798,61609.8984375,12334657,0.0,0.0
2023-05-17,62080.91678485577,62080.91678485577,61044.664759615385,61233.07421875,10745504,0.0,0.0
2023-05-18,62175.129578927495,62363.5390625,61892.51535356873,62363.5390625,14431704,0.0,0.0
2023-05-19,63870.806777686405,64436.03515625,63588.19258840461,64436.03515625,20349345,0.0,0.0
2023-05-22,64436.045255474455,65001.27372262774,64059.22627737226,64530.25,14470308,0.0,0.0
2023-05-23,64530.2398860106,64718.6493455318,64153.4209669682,64436.03515625,8561643,0.0,0.0
2023-05-24,64153.43102189781,64718.6594890511,64059.22627737226,64530.25,8192896,0.0,0.0
2023-05-25,65849.1114871003,65943.31622456395,64718.65463753634,64812.859375,14231160,0.0,0.0
2023-05-26,65754.91376244665,66320.14224751067,65472.29951991465,66225.9375,19549511,0.0,0.0
2023-05-30,67167.99149593707,68110.0390625,67073.78673928077,68110.0390625,27476897,0.0,0.0
2023-05-31,68204.23494397759,68298.43968837535,66885.36852240896,67262.1875,25666087,0.0,0.0
2023-06-01,66791.171875,67450.60516572637,66508.55760754584,66791.171875,14669296,0.0,0.0
2023-06-02,67544.79662612535,68015.8203125,67450.59188885042,68015.8203125,12161798,0.0,0.0
2023-06-05,68486.84425122036,68486.84425122036,67262.18266213388,67544.796875,12686829,0.0,0.0
2023-06-07,67167.98141505281,67450.59564260564,66696.95770246479,66885.3671875,14796613,0.0,0.0
2023-06-08,66320.14809590974,66791.171875,65943.32907263751,66791.171875,19165568,0.0,0.0
2023-06-09,66979.5791015625,68110.0361328125,66696.96484375,67827.421875,15050209,0.0,0.0
2023-06-12,67921.61935519366,68204.23358274648,66696.95770246479,66885.3671875,12064287,0.0,0.0
2023-06-13,67544.8076171875,68015.83138020833,67450.60286458333,67827.421875,13227285,0.0,0.0
2023-06-14,67921.6125912726,68015.81732440891,66979.5652599096,67733.203125,12541046,0.0,0.0
2023-06-15,67921.63483391608,68110.04436188811,67167.99672202797,67356.40625,13614994,0.0,0.0
2023-06-16,67639.0078125,67733.21255875696,66791.16509618732,67639.0078125,15373696,0.0,0.0
2023-06-19,67167.97817547401,67544.79712737008,66791.15922357795,67073.7734375,11100887,0.0,0.0
2023-06-20,66602.75428921568,67262.1875,66320.1400560224,67262.1875,11557883,0.0,0.0
2023-06-21,66602.7532358156,67073.77695035462,66320.1390070922,66414.34375,10626603,0.0,0.0
2023-06-22,66131.7398536115,67356.40170275245,66037.53509598528,67167.9921875,11411007,0.0,0.0
2023-06-23,67827.4127094972,68015.82218924581,67450.59375,67450.59375,12329484,0.0,0.0
2023-06-26,67544.7856957873,68298.4234720304,67356.37625172653,68204.21875,10541901,0.0,0.0
2023-06-27,68298.44368758608,68392.6484375,67827.41993801652,68392.6484375,9442997,0.0,0.0
2023-06-28,68392.6390130674,68486.84375,67827.4105914718,68486.84375,8783093,0.0,0.0
2023-06-29,69207.32561075622,69491.35020286603,68544.6015625,68544.6015625,12229967,361.0,0.0
2023-06-30,68639.27458448753,68828.62430747923,67881.87569252077,68355.25,11694765,0.0,0.0
2023-07-03,68828.62385488013,69301.99815924658,68733.94899400685,69112.6484375,10722181,0.0,0.0
2023-07-04,69491.34788099315,69680.69760273972,69017.97357662671,69112.6484375,10214350,0.0,0.0
2023-07-05,69112.64702690972,69396.67160373264,68071.22357855903,68165.8984375,12310610,0.0,0.0
2023-07-06,68071.22771909916,68544.60204259776,67692.52826030029,67787.203125,14777667,0.0,0.0
2023-07-07,67313.82487258584,67597.8494501073,66083.05170332619,66177.7265625,17308877,0.0,0.0
2023-07-10,66272.38196942446,66651.08129496402,65514.98331834532,65799.0078125,11713926,0.0,0.0
2023-07-11,66461.765625,67692.5390625,66367.0907451923,67692.5390625,12177392,0.0,0.0
2023-07-12,67408.4870479833,68165.88577885952,67313.81220662378,68071.2109375,10375581,0.0,0.0
2023-07-13,68544.58514429763,68733.93482701668,68071.2109375,68071.2109375,14417279,0.0,0.0
2023-07-14,68639.26233608651,69491.3359375,68544.58749148501,69491.3359375,15882519,0.0,0.0
2023-07-17,69301.9892138472,69586.01375980559,68923.28981923602,69396.6640625,10060049,0.0,0.0
2023-07-18,69301.99674479166,69586.02132161458,68165.8984375,68165.8984375,11697900,0.0,0.0
2023-07-19,68828.62360529986,68923.29846582984,67503.17555788005,67881.875,10896412,0.0,0.0
2023-07-20,67313.83111795774,67692.53058978873,67029.8065140845,67219.15625,9732730,0.0,0.0
2023-07-21,66651.10455192035,66651.10455192035,65704.35590771693,66556.4296875,16528926,0.0,0.0
2023-07-24,66367.07698197798,67124.47586337003,66177.72726162997,66651.1015625,13418597,0.0,0.0
2023-07-25,66272.40625,66745.78058035714,66083.05651785714,66272.40625,14314945,0.0,0.0
2023-07-26,66083.0625,66840.46149713466,64473.58963108882,66083.0625,30016221,0.0,0.0
2023-07-27,66177.72751046024,67881.875,65609.67834728034,67881.875,24261179,0.0,0.0
2023-07-28,67976.55147839943,68544.60065509914,66367.07881108357,66840.453125,19420683,0.0,0.0
2023-07-31,67124.48612106017,67219.160995702,66083.0625,66083.0625,13035420,0.0,0.0
2023-08-01,66367.07948751758,67408.50298874824,66272.40462376934,67313.828125,12299254,0.0,0.0
2023-08-02,66935.12543589056,67219.15001341201,66083.05170332619,66177.7265625,13835020,0.0,0.0
2023-08-03,66177.72419490371,66461.74876226381,64852.2762138899,65136.30078125,20087090,0.0,0.0
2023-08-04,65136.30005490484,65420.32461909774,64568.25092651904,64662.92578125,12360193,0.0,0.0
2023-08-07,64094.87848426095,65515.00134580292,64000.20362682482,64852.27734375,10968505,0.0,0.0
2023-08-08,65325.64713156435,65420.32198247966,63810.84951691938,64000.19921875,14664709,0.0,0.0
2023-08-09,64378.89513788099,65893.69267053701,64284.22029208999,65230.96875,17259673,0.0,0.0
2023-08-10,64662.91906594669,64852.26875574449,64189.5448414522,64378.89453125,10227311,0.0,0.0
2023-08-11,64757.597083333334,65136.296481481484,63905.5234375,63905.5234375,9781038,0.0,0.0
2023-08-14,63905.53723997028,64284.23671991085,63337.48802005944,63716.1875,9352343,0.0,0.0
2023-08-16,63148.12389225746,63526.82328591418,62769.42449860075,63432.1484375,13174578,0.0,0.0
2023-08-17,62769.433365348574,63242.807674287855,62485.408779985,63148.1328125,10778652,0.0,0.0
2023-08-18,62485.40511877828,63148.129112462295,62296.055406297135,62769.4296875,11745006,0.0,0.0
2023-08-21,63053.45703125,63526.83133328641,62769.43245002815,63053.45703125,9720067,0.0,0.0
2023-08-22,63621.50619369369,64094.8804957301,62769.43245002815,63053.45703125,10500242,0.0,0.0
2023-08-23,63148.12870249627,63526.828125,62864.10413561848,63526.828125,9549352,0.0,0.0
2023-08-24,64662.92485337244,65041.62426686217,64284.2254398827,64568.25,15044463,0.0,0.0
2023-08-25,63526.828125,63810.85269187779,63337.47841374813,63526.828125,7032462,0.0,0.0
2023-08-28,63242.8046875,63432.15440213324,62958.78011555015,63242.8046875,5824628,0.0,0.0
2023-08-29,63337.47954481662,63621.50411676647,63053.45497286677,63242.8046875,9114352,0.0,0.0
2023-08-30,63716.17783625186,64094.87725875559,63526.828125,63526.828125,9181223,0.0,0.0
2023-08-31,63526.82235028961,63621.497197309414,62864.09842115097,63337.47265625,15964630,0.0,0.0
2023-09-01,63242.81179577465,67219.15625,63148.1369278169,67219.15625,29738235,0.0,0.0
2023-09-04,69017.97261235955,69017.97261235955,66935.12570224718,67408.5,26286495,0.0,0.0
2023-09-05,67124.47471711457,67692.52386845827,66461.75070721358,66935.125,12330239,0.0,0.0
2023-09-06,66935.1303125,67029.80517857143,65988.38165178572,66272.40625,11414620,0.0,0.0
2023-09-07,66272.40212180397,66840.45128284801,65893.70268110796,66651.1015625,13741241,0.0,0.0
2023-09-08,66461.75482307967,66556.4296875,65893.70563655761,66556.4296875,10688118,0.0,0.0
2023-09-11,66651.1052259887,67029.8046875,66272.4057644774,67029.8046875,11785462,0.0,0.0
2023-09-12,67029.79800531914,67219.14771719858,66651.09858156028,66745.7734375,11688599,0.0,0.0
2023-09-13,67313.81845028208,67787.1927009873,66556.41964915373,67124.46875,15955797,0.0,0.0
2023-09-14,67408.50069735007,67976.54986052998,67029.80125523012,67881.875,21041407,0.0,0.0
2023-09-15,67881.87386067708,68449.9230143229,67597.84928385416,68165.8984375,17823512,0.0,0.0
2023-09-18,67503.18136796652,67881.88084268162,66461.7578125,66461.7578125,16040727,0.0,0.0
2023-09-19,66651.111747851,67029.81124641834,65893.71275071632,66083.0625,11820188,0.0,0.0
2023-09-20,66272.3947108477,66556.41925960848,65799.02046291307,65893.6953125,10873015,0.0,0.0
2023-09-21,65514.99328737301,66083.04236211901,65136.293904209,65230.96875,10796336,0.0,0.0
2023-09-22,64662.9265023165,65230.9756370367,64662.9265023165,65136.30078125,9897840,0.0,0.0
2023-09-25,64852.277839067,65988.37613697766,64852.277839067,65704.3515625,13582516,0.0,0.0
2023-09-26,66618.92538265306,66618.92538265306,65096.207088192416,65286.546875,13143470,361.0,0.0
2023-09-27,65286.55465323465,65762.40417694628,64905.87503426535,65096.21484375,14886491,0.0,0.0
2023-10-04,64144.51369212963,64430.02339699074,63478.32438078704,64239.68359375,23361149,0.0,0.0
2023-10-05,64049.35150979198,64144.52142288231,63478.33203125,63478.33203125,16108313,0.0,0.0
2023-10-06,63859.01360677084,64049.35343868371,62812.14453125,62812.14453125,14386527,0.0,0.0
2023-10-10,63002.48438676582,64334.86321065512,63002.48438676582,63192.82421875,19889202,0.0,0.0
2023-10-11,65286.55461876833,66047.91385630498,64620.36528592375,64905.875,25209349,0.0,0.0
2023-10-12,65286.55279390421,66333.42171625544,64905.87318577649,65572.0625,19311380,0.0,0.0
2023-10-13,64715.53125,65191.380744485294,64430.02155330883,64715.53125,9724086,0.0,0.0
2023-10-16,64620.374982587295,65191.39449642459,63573.50587388559,64049.35546875,12599299,0.0,0.0
2023-10-17,64430.02567768372,66523.76358744597,64144.51596271614,66047.9140625,17299253,0.0,0.0
2023-10-18,65572.06281028369,67094.78125,65476.89290780142,67094.78125,16493184,0.0,0.0
2023-10-19,66333.41008318345,66618.91973920864,66047.90042715828,66143.0703125,13985012,0.0,0.0
2023-10-20,65572.06834801962,65857.57807957848,64810.70906386265,65476.8984375,15204495,0.0,0.0
2023-10-23,65381.72455797697,65762.40417694628,64905.87503426535,65096.21484375,11625959,0.0,0.0
2023-10-24,65381.726533987225,65476.89644160584,64430.027457801094,65191.38671875,12791710,0.0,0.0
2023-10-25,65476.890441176474,65476.890441176474,64620.36135110294,64715.53125,10610703,0.0,0.0
2023-10-26,63763.841770520994,64620.37098833396,63478.33203125,63478.33203125,15517624,0.0,0.0
2023-10-27,63859.015630804235,64049.35546875,63478.335954912705,64049.35546875,11334726,0.0,0.0
2023-10-30,63573.50587388559,64525.20506361441,63478.335954912705,64049.35546875,10139270,0.0,0.0
2023-10-31,64334.853372571,65001.042682642,63668.6640625,63668.6640625,14488892,0.0,0.0
2023-11-01,64239.67804755831,65572.05655521137,64049.33826075073,65286.546875,13775256,0.0,0.0
2023-11-02,66618.93158177905,66618.93158177905,66047.91216822095,66333.421875,16350031,0.0,0.0
2023-11-03,66333.41989942528,66809.26939655172,66143.0801005747,66238.25,10322234,0.0,0.0
2023-11-06,66428.59200899155,67475.4609375,65952.74249603314,67475.4609375,22228489,0.0,0.0
2023-11-07,67189.95122972496,67475.4609375,66618.9318141749,67475.4609375,17228731,0.0,0.0
2023-11-08,67856.14433565809,67951.31424356223,66333.4258091917,66523.765625,12901310,0.0,0.0
2023-11-09,66523.77344861308,67380.30272048364,66238.2636913229,66904.453125,12301373,0.0,0.0
2023-11-10,66618.93173758866,67094.78125,66143.0822251773,67094.78125,9684347,0.0,0.0
2023-11-13,67856.13847212358,67856.13847212358,66904.43947531961,66999.609375,9246919,0.0,0.0
2023-11-14,67570.64453125,67665.814453125,67189.96484375,67380.3046875,9567984,0.0,0.0
2023-11-15,68141.6601887119,68712.6796875,68046.49027224723,68712.6796875,20148677,0.0,0.0
2023-11-16,68998.17779876373,69474.02730082418,68807.83799793957,69283.6875,15860451,0.0,0.0
2023-11-17,68807.83988146551,69474.0292025862,68807.83988146551,68998.1796875,11494644,0.0,0.0
2023-11-20,68617.50398684663,69474.03316282669,68617.50398684663,69188.5234375,10610157,0.0,0.0
2023-11-21,69569.19720123627,69854.70690247254,69188.51759958791,69283.6875,9712881,0.0,0.0
2023-11-22,68712.66809752748,69474.02730082418,68427.15839629121,69283.6875,11105143,0.0,0.0
2023-11-23,69474.03509150553,69664.37491367404,68712.6758028315,68903.015625,6775614,0.0,0.0
2023-11-24,68903.0175209205,69093.35734832636,68236.828125,68236.828125,6676685,0.0,0.0
2023-11-27,68046.48826481416,68617.50774675666,67665.80861018584,67856.1484375,9113857,0.0,0.0
2023-11-28,67951.31462775102,69188.5234375,67856.14471930881,69188.5234375,13283081,0.0,0.0
2023-11-29,68903.01371217331,69283.69334594223,68712.67389528886,69188.5234375,9283933,0.0,0.0
2023-11-30,69188.51759958791,69283.6875,68712.66809752748,69283.6875,15783714,0.0,0.0
2023-12-01,68903.01558159722,68998.18549262153,68236.82620442708,68522.3359375,9871284,0.0,0.0
2023-12-04,69283.69920798898,69378.86912448348,68903.01954201102,69093.359375,10229267,0.0,0.0
2023-12-05,68807.84558242626,68903.01549332865,67760.9765625,67760.9765625,12129682,0.0,0.0
2023-12-06,68331.99803870292,68617.50777981171,68141.65821129706,68236.828125,8123087,0.0,0.0
2023-12-07,68332.00979020979,68427.17972027972,67665.82027972028,68046.5,8862017,0.0,0.0
2023-12-08,68617.50979252755,69283.69920798898,68427.16995953857,69093.359375,10859463,0.0,0.0
2023-12-11,69283.69143835617,69474.03125,68712.67200342465,69474.03125,9861960,0.0,0.0
2023-12-12,69759.53520408164,69949.875,69569.19540816326,69949.875,13758646,0.0,0.0
2023-12-13,69759.53700206045,69949.87680288462,69283.6875,69283.6875,13116766,0.0,0.0
2023-12-14,70520.90221015732,70711.24202718878,68998.1836739056,69569.203125,27567593,0.0,0.0
2023-12-15,70235.38857861528,70425.72838506139,69664.36915927695,69759.5390625,15419815,0.0,0.0
2023-12-18,69759.52327674897,69854.69315843622,69283.67386831276,69378.84375,9690551,0.0,0.0
2023-12-19,69474.02354393732,69854.703125,69283.68375340599,69854.703125,8907632,0.0,0.0
2023-12-20,70616.07428141711,71282.26366143048,70235.39463569518,71187.09375,16870156,0.0,0.0
2023-12-21,70996.75783333334,71377.4375,70711.24808333334,71377.4375,13478766,0.0,0.0
2023-12-22,72138.78322628459,72614.63271986166,71758.10363142293,72233.953125,14515608,0.0,0.0
2023-12-26,72424.29114311357,72995.31052137728,72043.61155760444,72900.140625,13164909,0.0,0.0
2023-12-27,73340.9640625,74584.03125,73149.72295673077,74584.03125,20651042,361.0,0.0
2023-12-28,74297.1606687898,75062.125,74105.91958598726,75062.125,17797536,0.0,0.0
2024-01-02,74775.28085741206,76305.20987751256,74775.28085741206,76113.96875,17142847,0.0,0.0
2024-01-03,75062.1364650974,75348.99813311688,73627.828125,73627.828125,21753644,0.0,0.0
2024-01-04,72767.24098400783,73914.68762238903,72767.24098400783,73245.34375,15324439,0.0,0.0
2024-01-05,73340.96430319843,73723.44651599217,73054.10264360314,73245.34375,11304316,0.0,0.0
2024-01-08,73627.82148692811,74105.92422385621,73054.09820261438,73149.71875,11088724,0.0,0.0
2024-01-09,74010.30967620482,74297.17134161646,71046.07246695114,71428.5546875,26019249,0.0,0.0
2024-01-10,71715.40633491847,71906.64741847826,69994.23658288043,70376.71875,20259529,0.0,0.0
2024-01-11,69707.38053919058,70376.7243852459,69516.13944031762,69994.2421875,57691266,0.0,0.0
2024-01-12,69802.99664415185,70854.82262098153,69611.75555745554,69898.6171875,13038939,0.0,0.0
2024-01-15,69994.24983085251,70759.21430987821,69994.24983085251,70663.59375,2957915,0.0,0.0
2024-01-16,70281.10843879133,70472.34955018939,69324.90288180097,69420.5234375,14760415,0.0,0.0
2024-01-17,69898.62539612676,70089.8665052817,67890.59375,67890.59375,22683660,0.0,0.0
2024-01-18,68464.3169456067,68846.79916317991,67603.73195606694,68559.9375,17853397,0.0,0.0
2024-01-19,70281.1080258534,71428.5546875,69803.00525016733,71428.5546875,23363427,0.0,0.0
2024-01-22,72576.01142227031,72671.6319906791,71715.42630659121,71811.046875,19673375,0.0,0.0
2024-01-23,72384.76688206449,72480.3874459774,71046.07898728391,71906.6640625,14786224,0.0,0.0
2024-01-24,71906.64966216216,71906.64966216216,70281.10040118244,70759.203125,12860661,0.0,0.0
2024-01-25,70950.45649881916,71524.17986673414,70472.35369222335,70854.8359375,11737747,0.0,0.0
2024-01-26,70472.33818332765,71237.30250553474,70089.8560222241,70185.4765625,11160062,0.0,0.0
2024-01-29,70567.96421370968,71906.65188172043,70281.10257056452,71141.6875,13976521,0.0,0.0
2024-01-30,71715.3984059556,72002.25999957942,70472.33150025236,71046.0546875,12244418,0.0,0.0
2024-01-31,70185.49237018569,70759.21574105915,69324.90731387552,69516.1484375,15703560,0.0,0.0
2024-02-01,69802.99549932065,70950.44200067934,69707.37495754076,70376.71875,19881033,0.0,0.0
2024-02-02,70759.21729554521,71906.6640625,70472.35560380651,71906.6640625,14955881,0.0,0.0
2024-02-05,70950.43415629206,71524.1573435397,70281.09043783648,71046.0546875,19026021,0.0,0.0
2024-02-06,71046.06695228495,71428.54914314517,70089.86147513441,71141.6875,14559254,0.0,0.0
2024-02-07,71332.93185416667,72193.51682291666,71046.07019791666,71715.4140625,16566445,0.0,0.0
2024-02-08,71715.42098937246,71906.66211201079,70376.73313090418,70854.8359375,20810708,0.0,0.0
2024-02-13,71524.1818068484,71906.6640625,71141.69955119681,71906.6640625,21966745,0.0,0.0
2024-02-14,70472.34149070946,71046.06475929054,70472.34149070946,70759.203125,12434945,0.0,0.0
2024-02-15,70950.44768186475,71141.6887807377,69803.00108862705,69994.2421875,14120600,0.0,0.0
2024-02-16,70089.86054472871,70185.48109117446,69324.89617316278,69611.7578125,13444781,0.0,0.0
2024-02-19,69611.77091802168,70663.59712694783,69611.77091802168,70567.9765625,12726404,0.0,0.0
2024-02-20,70472.34155439973,70472.34155439973,69611.75665075034,70089.859375,14681477,0.0,0.0
2024-02-21,70185.48219178083,70472.34383561644,69707.3794520548,69803.0,11503495,0.0,0.0
2024-02-22,70567.96099093708,70663.58153428523,69516.13501410739,69898.6171875,15208934,0.0,0.0
2024-02-23,70376.7109053498,70950.43409207818,69707.3671875,69707.3671875,16225166,0.0,0.0
2024-02-26,69133.65508027129,69994.23999828297,69038.03453382556,69611.7578125,14669352,0.0,0.0
2024-02-27,69898.6082497428,70185.469843107,69516.1261252572,69707.3671875,13201981,0.0,0.0
2024-02-28,69707.38053919058,70663.58603355533,69611.7599897541,69994.2421875,11795859,0.0,0.0
2024-02-29,69420.51224029291,70185.4765625,68846.7889986376,70185.4765625,21176403,0.0,0.0
2024-03-04,71046.05803571429,71715.40178571429,70759.19642857143,71619.78125,23210474,0.0,0.0
2024-03-05,71332.92077255767,71524.16184701493,70472.3359375,70472.3359375,19505125,0.0,0.0
2024-03-06,69994.2287808642,70281.0903742284,69516.1261252572,69707.3671875,21547905,0.0,0.0
2024-03-07,69898.6240369633,70089.86514239959,69038.0390625,69038.0390625,14516963,0.0,0.0
2024-03-08,69611.75665075034,70185.47991984994,69420.51556105047,70089.859375,19271349,0.0,0.0
2024-03-11,69707.38402106354,69898.62512948895,69133.6606957873,69229.28125,9740504,0.0,0.0
2024-03-12,69420.51556105047,70281.10046469986,68942.41283680082,70089.859375,13011654,0.0,0.0
2024-03-13,70472.35369222335,70854.8359375,70281.11256958502,70854.8359375,15243134,0.0,0.0
2024-03-14,71141.67521870794,71237.29574991588,70376.71096904442,71046.0546875,22545539,0.0,0.0
2024-03-15,70185.48227869986,70472.34392289074,69133.65625,69133.65625,22580555,0.0,0.0
2024-03-18,69420.51671960852,69802.99890539149,69324.89617316278,69611.7578125,11520348,0.0,0.0
2024-03-19,69133.65508027129,69802.99890539149,68559.93180159685,69611.7578125,15376066,0.0,0.0
2024-03-20,70472.35300512028,73819.0726186606,70185.4913239597,73532.2109375,50106297,0.0,0.0
2024-03-21,75731.48100567465,75827.1015625,74297.17265329444,75827.1015625,44569799,0.0,0.0
2024-03-22,76113.96894803549,76400.8306400507,74392.79879594424,75444.625,26724761,0.0,0.0
2024-03-25,76113.96119725064,76305.20230578644,74392.7912204284,74775.2734375,18703996,0.0,0.0
2024-03-26,76209.57141739674,76592.05358260326,75731.46871088861,76400.8125,30551494,0.0,0.0
2024-03-27,75731.46428571429,76496.42857142857,75731.46428571429,76305.1875,17424595,0.0,0.0
2024-03-28,76267.73663753094,77804.61798035272,76075.62646967822,77612.5078125,25084812,361.0,0.0
2024-03-29,77996.7372952063,79245.45353269114,77708.57200963289,79149.3984375,27126366,0.0,0.0
2024-04-01,79917.83292682926,80013.88801448171,78765.171875,78765.171875,20116513,0.0,0.0
2024-04-02,79629.67881433823,81646.8359375,79629.67881433823,81646.8359375,37077944,0.0,0.0
2024-04-03,80974.43829890012,81646.82390755054,80205.99760329965,80782.328125,30493347,0.0,0.0
2024-04-04,81838.9292936694,82127.09453766119,80974.43356169402,81934.984375,25248934,0.0,0.0
2024-04-05,81166.546875,81646.82230029585,80494.1612795858,81166.546875,18883752,0.0,0.0
2024-04-08,81838.9324704142,82607.37315088758,81166.546875,81166.546875,18953232,0.0,0.0
2024-04-09,81166.55049155203,81550.77084890849,79821.77924080442,80302.0546875,23725956,0.0,0.0
2024-04-11,79917.83234244946,81358.65864670035,79245.44673379905,80782.328125,25538009,0.0,0.0
2024-04-12,81358.66026359021,81550.77044130824,79917.8339307049,80398.109375,17061770,0.0,0.0
2024-04-15,79629.65897772202,79917.82420924574,77996.72266575426,78957.2734375,26663772,0.0,0.0
2024-04-16,77996.7234375,78092.778515625,76267.73203125001,76844.0625,31949845,0.0,0.0
2024-04-17,77516.46842324144,77612.52352661597,75787.4765625,75787.4765625,22611631,0.0,0.0
2024-04-18,75691.4185772613,76940.13487358668,75211.14307867462,76459.859375,21370190,0.0,0.0
2024-04-19,75211.13563144329,75595.35599226804,73290.03382731958,74538.75,31317563,0.0,0.0
2024-04-22,74346.64596337057,74442.70106151445,72137.3787060611,73097.9296875,30469477,0.0,0.0
2024-04-23,73386.08166390729,73770.30198675496,72521.5859375,72521.5859375,18717699,0.0,0.0
2024-04-24,74442.69093909033,75691.4070451654,74154.52568384224,75499.296875,22166150,0.0,0.0
2024-04-25,74250.57420339122,74442.68435656946,73290.0234375,73290.0234375,15549134,0.0,0.0
2024-04-26,74730.85593220338,74826.91101694915,73482.13983050847,73674.25,12755629,0.0,0.0
2024-04-29,74346.63559322033,74538.74576271186,73193.97457627118,73674.25,14664474,0.0,0.0
2024-04-30,73962.41985887097,75403.24621975806,73578.19949596774,74442.6953125,19007007,0.0,0.0
2024-05-02,74538.7483974359,75499.29927884616,74250.58313301283,74922.96875,18900640,0.0,0.0
2024-05-03,75883.5212628866,75883.5212628866,74442.69490979382,74538.75,13151889,0.0,0.0
2024-05-07,76459.84486469865,78092.78125,76267.73470172202,78092.78125,26238868,0.0,0.0
2024-05-08,77612.50584255843,78188.83633148832,77324.34059809348,78092.78125,13089576,0.0,0.0
2024-05-09,77900.66955183502,78284.88987021644,76555.8984375,76555.8984375,18759935,0.0,0.0
2024-05-10,77228.30184659091,77900.68755918561,75787.47531960228,76075.640625,16976124,0.0,0.0
2024-05-13,76267.7383609694,76748.01379145408,74538.7468112245,75307.1875,18652344,0.0,0.0
2024-05-14,75499.29807231801,75691.40824553001,74826.91246607598,75211.1328125,11763992,0.0,0.0
2024-05-16,77036.18787963556,77132.24297674233,75019.03084039323,75115.0859375,20989778,0.0,0.0
2024-05-17,75499.2937863372,75691.4039486434,74154.5226501938,74346.6328125,15918201,0.0,0.0
2024-05-20,75019.0357355038,75979.58676924906,74826.92552875476,75787.4765625,19456783,0.0,0.0
2024-05-21,75403.24258609694,75883.51801658164,75115.07732780612,75307.1875,13690583,0.0,0.0
2024-05-22,75019.02504625161,75595.35558437902,74250.58432874839,74634.8046875,19521506,0.0,0.0
2024-05-23,74634.80229286398,75979.57350534802,74058.47177322797,75211.1328125,18728087,0.0,0.0
2024-05-24,73770.30830039525,73962.41847826086,72713.70232213438,72905.8125,27891278,0.0,0.0
2024-05-27,72329.48449643783,75115.08217292746,71080.76829663213,74154.53125,43825202,0.0,0.0
2024-05-28,73482.14400773196,74922.97036082474,73193.9787371134,74538.75,18539072,0.0,0.0
2024-05-29,74634.81507646276,75115.09059175532,72233.4375,72233.4375,30244875,0.0,0.0
2024-05-30,71849.1924744898,72233.41275510205,70600.4765625,70600.4765625,28551273,0.0,0.0
2024-05-31,71561.02726403062,71753.13740433674,70600.4765625,70600.4765625,26198776,0.0,0.0
2024-06-03,71464.9946334214,73386.09663969617,71272.88443279392,72713.7109375,15706268,0.0,0.0
2024-06-04,71945.25623547476,73097.91721655047,71945.25623547476,72329.4765625,14098053,0.0,0.0
2024-06-05,74922.96329941861,74922.96329941861,73770.30232558139,74346.6328125,23177968,0.0,0.0
2024-06-07,75307.1840232859,75499.2941866106,74058.46796167528,74250.578125,21189349,0.0,0.0
2024-06-10,73097.93133875495,73578.20684032365,72617.65583718626,72713.7109375,14598755,0.0,0.0
2024-06-11,72905.82322140958,73001.87832446808,72137.3823969415,72233.4375,16971175,0.0,0.0
2024-06-12,72329.47190563726,74058.46326593136,72233.41683006535,73482.1328125,19246725,0.0,0.0
2024-06-13,75307.1867048346,75883.5172153308,74730.85619433843,75499.296875,33763804,0.0,0.0
2024-06-14,76555.91447471733,77324.35527245603,75883.52877669598,76459.859375,22926612,0.0,0.0
2024-06-17,76075.64524647887,76363.8105693822,74922.98395486556,75019.0390625,16123051,0.0,0.0
2024-06-18,75595.33955004699,77036.16558975565,75499.28448073308,76651.9453125,18207598,0.0,0.0
2024-06-19,77900.67148052648,79245.4426281558,77324.34098868535,77996.7265625,24168863,0.0,0.0
2024-06-20,78284.89023246017,78957.27579273898,77996.72499234069,78380.9453125,20288913,0.0,0.0
2024-06-21,77516.448046875,77612.503125,76844.0625,76844.0625,17907523,0.0,0.0
2024-06-24,76555.91039857319,77708.57153380894,76363.80020936724,77420.40625,15454227,0.0,0.0
2024-06-25,77420.39764464728,78573.05865176361,76940.12222501547,77612.5078125,19088458,0.0,0.0
2024-06-26,76940.12027214022,78188.83633148832,76748.01010916359,78092.78125,17783242,0.0,0.0
2024-06-27,78441.08855124081,78730.5390625,77669.2205212163,78730.5390625,11739720,361.0,0.0
2024-06-28,79019.99654907976,79019.99654907976,77958.67791411043,78634.0625,9455929,0.0,0.0
2024-07-01,78634.05729485024,79212.95833014975,78441.09028308374,78923.5078125,11317202,0.0,0.0
2024-07-02,79598.89235368276,79695.37585956602,78634.05729485024,78923.5078125,14471904,0.0,0.0
2024-07-03,79405.92534191626,79405.92534191626,78151.63976543398,78923.5078125,11440328,0.0,0.0
2024-07-04,79984.83491245567,81721.53820367907,79502.41733156028,81625.0546875,43857229,0.0,0.0
2024-07-05,82589.88023823191,84037.1328125,82203.9462184271,84037.1328125,45791193,0.0,0.0
2024-07-08,84808.99561999428,85484.38011298627,83844.16063000572,84326.578125,24035809,0.0,0.0
2024-07-09,84712.515625,85098.44963695899,83844.16409809225,84712.515625,21336201,0.0,0.0
2024-07-10,84519.5486190205,84905.48263097949,84037.13110407176,84712.515625,17813847,0.0,0.0
2024-07-11,85387.89838398973,85677.3488869863,83651.19536601027,84519.546875,24677608,0.0,0.0
2024-07-12,82879.34660100711,83072.31364780806,81142.64317979859,81432.09375,26344386,0.0,0.0
2024-07-15,81721.53292603807,84230.10418468858,81142.63186634949,83651.203125,25193080,0.0,0.0
2024-07-16,83844.17097527081,84905.48959521095,83651.20395346351,84616.0390625,16166688,0.0,0.0
2024-07-17,84037.1371647924,84905.48875432527,83361.75259515572,83651.203125,18186490,0.0,0.0
2024-07-18,80853.17547108745,83844.1640625,80853.17547108745,83844.1640625,24721790,0.0,0.0
2024-07-19,82589.89603080568,83072.31364780806,81142.64317979859,81432.09375,18569122,0.0,0.0
2024-07-22,81432.08162650603,81914.49917168675,79695.37846385542,80081.3125,18987560,0.0,0.0
2024-07-23,81239.11458954112,81721.53213460965,80467.24651743147,80949.6640625,15766389,0.0,0.0
2024-07-24,79984.82813452744,80370.76216653963,79019.99305449695,79116.4765625,16939083,0.0,0.0
2024-07-25,77572.7421875,78151.64324860074,77283.29165694963,77572.7421875,20323811,0.0,0.0
2024-07-26,77862.18144507107,78441.08242235784,77572.73095642768,78055.1484375,14508334,0.0,0.0
2024-07-29,78730.54341133006,79116.4774476601,78248.1258659175,78344.609375,12797136,0.0,0.0
2024-07-30,77572.74733796297,78151.6484375,77186.81327160493,78151.6484375,13169636,0.0,0.0
2024-07-31,78344.60931912992,80949.6640625,78055.1587920888,80949.6640625,20744323,0.0,0.0
2024-08-01,82975.80249699157,83072.28598826715,80177.78125,80177.78125,20900338,0.0,0.0
2024-08-02,78151.65210819723,78537.58619268215,76704.39929137877,76800.8828125,25800275,0.0,0.0
2024-08-05,74002.86101628152,74195.82805934874,67731.43211659664,68889.234375,54608790,0.0,0.0
2024-08-06,72266.14311422413,72652.07712284483,69757.57205818966,69950.5390625,47295226,0.0,0.0
2024-08-07,70432.96006944444,73327.46527777778,70239.99305555555,72073.1796875,32710428,0.0,0.0
2024-08-08,70625.93920299728,71301.32386750681,69950.55453848773,70818.90625,28414729,0.0,0.0
2024-08-09,73038.01475694444,73134.49826388889,71590.76215277778,72073.1796875,16388222,0.0,0.0
2024-08-12,72555.5963576159,73230.98089817881,72169.66233443709,72845.046875,9839259,0.0,0.0
2024-08-13,73809.88717559133,73906.37068823916,72845.05204911302,73423.953125,10716261,0.0,0.0
2024-08-14,74678.2326343912,75064.16665317358,74292.29861560882,74485.265625,13246168,0.0,0.0
2024-08-16,76607.90537328554,77379.7734375,75932.52081709789,77379.7734375,22061478,0.0,0.0
2024-08-19,77283.2890625,77283.2890625,75257.13541666667,75546.5859375,14146565,0.0,0.0
2024-08-20,76704.38539686312,76993.83590779468,75932.5173677123,76125.484375,10683836,0.0,0.0
2024-08-21,75160.65190972222,75836.03645833333,75064.16840277778,75546.5859375,7805598,0.0,0.0
2024-08-22,75932.51996527778,76125.48697916667,75064.16840277778,75546.5859375,8149101,0.0,0.0
2024-08-23,74967.6796875,75643.06418918919,74774.71268701737,74967.6796875,9420306,0.0,0.0
2024-08-26,75353.62337795664,75450.10689060447,73327.46961235217,73423.953125,15655938,0.0,0.0
2024-08-27,73038.02429295845,73809.8924492909,72941.54077341688,73134.5078125,11130145,0.0,0.0
2024-08-28,73134.5051537958,73713.40625,72748.57108965969,73713.40625,9794514,0.0,0.0
2024-08-29,71011.85506756757,72073.17355363176,70915.37156883445,71397.7890625,16884479,0.0,0.0
2024-08-30,71783.7256897712,72362.62670339839,71494.27518295762,71687.2421875,16358520,0.0,0.0
2024-09-02,71880.20224294355,72073.16922883065,70915.36731350806,71783.71875,12641376,0.0,0.0
2024-09-03,71494.27509698276,71687.2421012931,69950.5390625,69950.5390625,16314599,0.0,0.0
2024-09-04,67345.49390625,68599.77960937501,67345.49390625,67538.4609375,27366563,0.0,0.0
2024-09-05,67634.9357223732,68696.25425724637,66573.6171875,66573.6171875,25686769,0.0,0.0
2024-09-06,66670.09981630987,67249.00082773948,65608.78129535558,66477.1328125,19022299,0.0,0.0
2024-09-09,64547.47001736111,65801.75568287037,64258.019479166665,65126.37109375,23263298,0.0,0.0
2024-09-10,64643.95404550605,64933.40458600831,63679.118910498495,63872.0859375,30651376,0.0,0.0
2024-09-11,62810.759973276196,63196.69398232859,61942.40845290832,62617.79296875,35809707,0.0,0.0
2024-09-12,63679.115879524885,64258.016932975115,62907.24780825792,63968.56640625,35884106,0.0,0.0
2024-09-13,62714.2799519604,63196.69749005241,62038.8953986316,62135.37890625,25045135,0.0,0.0
2024-09-19,61749.44532488114,62135.37935816165,60012.74217511886,60881.09375,49402713,0.0,0.0
2024-09-20,61556.477430555555,62424.828993055555,60784.609375,60784.609375,32746056,0.0,0.0
2024-09-23,60109.225258336664,61267.027349990014,60012.74175069888,60398.67578125,28542376,0.0,0.0
2024-09-24,60591.64408623418,61170.54514438291,60205.710047468354,60977.578125,26957500,0.0,0.0
2024-09-25,61556.4743142082,61942.40832244775,60012.73828125,60012.73828125,28652438,0.0,0.0
2024-09-26,61652.96008017774,62617.79513620556,61459.99306897218,62424.828125,37566015,0.0,0.0
2024-09-27,62775.089180539326,63454.26325204439,62289.96484375,62289.96484375,28433030,361.0,0.0
2024-09-30,62289.960289634146,62386.98514989837,59670.2890625,59670.2890625,32694163,0.0,0.0
2024-10-02,58700.04712352161,60058.39532142129,58117.89789585032,59476.24609375,28473536,0.0,0.0
2024-10-04,59185.16585447607,59864.3398888717,58700.04154419348,58797.06640625,24247578,0.0,0.0
2024-10-07,58408.96904456967,60058.39175845287,57729.79498591188,59185.16796875,35066533,0.0,0.0
2024-10-08,58214.92148631841,59185.17017775705,58117.89661717454,58505.99609375,27411786,0.0,0.0
2024-10-10,58311.94289181876,58408.96775519949,57147.64453125,57147.64453125,45262214,0.0,0.0
2024-10-11,57341.692466800174,58311.94107029933,57244.66760645025,57535.7421875,29623969,0.0,0.0
2024-10-14,57729.79190819983,59379.2145341484,57632.76704784992,57535.7421875,20886249,0.0,0.0
2024-10-15,59282.19283427254,59573.26743084016,58311.94417904713,59185.16796875,22715239,0.0,0.0
2024-10-16,57632.77590598739,58214.92515756302,57438.72615546218,57729.80078125,23303268,0.0,0.0
2024-10-17,57632.769158291456,58311.94320561139,57341.69456658291,57923.84375,23372873,0.0,0.0
2024-10-18,58117.896741712415,58311.94648041596,57341.69778689822,57438.72265625,14420260,0.0,0.0
2024-10-21,57244.67578125,57826.82502648305,56759.551410222455,57244.67578125,18514905,0.0,0.0
2024-10-22,57050.62516247833,57147.65003520364,55983.3515625,55983.3515625,27582527,0.0,0.0
2024-10-23,55789.2974698604,58214.91909898477,55401.1980092005,57341.6953125,27300780,0.0,0.0
2024-10-24,56468.47207652385,56759.54667485645,54916.07421875,54916.07421875,31499922,0.0,0.0
2024-10-25,54333.9272137746,55207.151043995975,54139.877473725406,54236.90234375,25829315,0.0,0.0
2024-10-28,54042.852349128654,56759.548697020226,54042.852349128654,56371.44921875,27775009,0.0,0.0
2024-10-29,56274.42245176175,57826.8203125,55595.24838768876,57826.8203125,28369314,0.0,0.0
2024-10-30,57341.6953125,58020.86936865482,56856.57098667513,57341.6953125,19838511,0.0,0.0
2024-10-31,56759.548570787585,59379.22004328547,56565.498832084035,57438.72265625,35809196,0.0,0.0
2024-11-01,57244.67014633362,57826.819334262436,56371.446364440395,56565.49609375,19083180,0.0,0.0
2024-11-04,56856.57278801107,57632.771733922484,56662.523051533215,56953.59765625,15586947,0.0,0.0
2024-11-05,56080.37003580729,56371.44462076823,55498.220865885414,55886.3203125,17484474,0.0,0.0
2024-11-06,55886.32460732984,56274.424083769634,54625.00130890052,55595.25,22092218,0.0,0.0
2024-11-07,55207.15052356021,56371.44895287958,55110.12565445026,55595.25,17043102,0.0,0.0
2024-11-08,56274.42050438596,56565.49509320175,55304.171875,55304.171875,13877396,0.0,0.0
2024-11-11,55013.09848721591,55110.12335227273,53363.67578125,53363.67578125,29811326,0.0,0.0
2024-11-12,52975.57756485849,52975.57756485849,51423.1796875,51423.1796875,37962881,0.0,0.0
2024-11-13,50452.930150691696,51423.17880743577,48997.55716557559,49094.58203125,52527995,0.0,0.0
2024-11-14,48706.48476640781,50258.8826872495,48415.41015625,48415.41015625,48510715,0.0,0.0
2024-11-15,48803.50889310748,52587.47876752337,48803.50889310748,51908.3046875,46774485,0.0,0.0
2024-11-18,55304.17224702381,55789.296564980155,54236.89874751984,55013.09765625,48095234,0.0,0.0
2024-11-19,54819.049733570166,55789.29840142096,54236.90053285968,54625.0,31539632,0.0,0.0
2024-11-20,54430.95684052893,54819.056354543405,53169.63341998192,53654.7578125,20864667,0.0,0.0
2024-11-21,53266.6504737367,55207.14775875443,53072.60074523493,54722.0234375,19096850,0.0,0.0
2024-11-22,54333.92578125,55013.099853515625,54236.90091378349,54333.92578125,15281543,0.0,0.0
2024-11-25,55692.27022614422,56177.39453125,55013.096198996114,56177.39453125,36237325,0.0,0.0
2024-11-26,56177.39663513079,57147.645281678815,55789.29717651158,56565.49609375,23209405,0.0,0.0
2024-11-27,55983.34813499112,56080.3730017762,54333.925399644766,54625.0,21808387,0.0,0.0
2024-11-28,54333.92511261261,54722.0245777027,53557.72618243243,53848.80078125,20001134,0.0,0.0
2024-11-29,53460.70034305812,53654.75007207103,52199.377104474166,52587.4765625,24513531,0.0,0.0
2024-12-02,52684.50218633396,52781.5270522388,51520.20379547575,52005.328125,22044867,0.0,0.0
2024-12-03,51520.20379547575,52781.5270522388,51520.20379547575,52005.328125,23374603,0.0,0.0
2024-12-04,50452.92961393597,51811.277718926554,50452.92961393597,51520.203125,29004766,0.0,0.0
2024-12-05,51617.22337639664,52781.52164804469,51617.22337639664,52102.34765625,23588277,0.0,0.0
2024-12-06,52296.403390711646,52781.527726432534,51132.10498498152,52490.453125,22861874,0.0,0.0
2024-12-09,51908.310034819755,52975.58369908708,51617.23539911049,51811.28515625,26227680,0.0,0.0
2024-12-10,52878.554036458336,52878.554036458336,52102.355078125,52393.4296875,20783970,0.0,0.0
2024-12-11,52005.33020833333,52587.47942708334,51811.28046875,52393.4296875,14565947,0.0,0.0
2024-12-12,52393.42981328265,54819.051563897585,52296.40494325805,54236.90234375,33476698,0.0,0.0
2024-12-13,54139.874623997326,54624.99894858511,53848.80002924465,54430.94921875,15908823,0.0,0.0
2024-12-16,54625.00222009892,54916.076832284176,53557.72864208633,53945.828125,15277277,0.0,0.0
2024-12-17,53072.60088503229,53557.725207564574,52393.42683348709,52587.4765625,20215230,0.0,0.0
2024-12-18,52490.44955316484,53751.772740209475,52393.42469262295,53266.6484375,13698937,0.0,0.0
2024-12-19,51908.30258356874,52199.37717749529,51520.203125,51520.203125,22481925,0.0,0.0
2024-12-20,51132.105085495285,51520.204554834905,50355.906146816036,51423.1796875,24674774,0.0,0.0
2024-12-23,51811.279818925235,52393.42903037383,51714.25495035046,51908.3046875,13672650,0.0,0.0
2024-12-24,52102.35713465073,52878.556123621325,52005.33226102941,52781.53125,11634677,0.0,0.0
2024-12-26,52878.551918143654,52975.576784048506,51908.30325909515,52005.328125,10517075,0.0,0.0
2024-12-27,52262.24041986732,52848.359004015365,51969.1811277933,52457.61328125,10747196,363.0,0.0
2024-12-30,52066.8700290766,52750.67507636278,51871.4971584234,51969.18359375,12624702,0.0,0.0
2025-01-02,51480.75351855103,52359.93147237827,51090.00776129447,52164.55859375,16630538,0.0,0.0
2025-01-03,51578.43887867647,53825.226935891544,51578.43887867647,53141.421875,19318046,0.0,0.0
2025-01-06,53141.425983899826,54899.78199072004,53043.73953907648,54606.72265625,19034284,0.0,0.0
2025-01-07,55485.89525045126,55974.32742695172,54118.28515625,54118.28515625,17030235,0.0,0.0
2025-01-08,53532.170947862134,56169.70491792103,53434.48450452662,55974.33203125,26593553,0.0,0.0
2025-01-09,56267.38636363636,56365.07279829545,54802.08984375,54802.08984375,24490592,0.0,0.0
2025-01-10,54802.09704876808,55192.84283877713,53922.91902124774,54020.60546875,16059223,0.0,0.0
2025-01-13,53336.79547423752,53727.54122862754,52848.36328125,52848.36328125,16868600,0.0,0.0
2025-01-14,52946.051513218925,53336.797280844155,52457.61930368738,52652.9921875,17465926,0.0,0.0
2025-01-15,52848.359004015365,53434.47758816341,52262.24041986732,52457.61328125,18625025,0.0,0.0
2025-01-16,52946.05183874309,53727.54337879834,52848.365396236186,53043.73828125,18627298,0.0,0.0
2025-01-17,52555.29971194134,52848.359004015365,51969.1811277933,52457.61328125,18805344,0.0,0.0
2025-01-20,52359.93147237827,52652.99079032069,52066.87215443586,52164.55859375,11822531,0.0,0.0
2025-01-21,52457.61897634346,53043.73762412383,52066.87321115655,52262.24609375,13535702,0.0,0.0
2025-01-22,52164.560298687844,53141.42472375691,51871.50097116713,53043.73828125,18341991,0.0,0.0
2025-01-23,52457.61328125,52848.359004015365,52262.24041986732,52457.61328125,15588067,0.0,0.0
2025-01-24,52359.92685055866,52555.29971194134,51969.1811277933,52457.61328125,11867631,0.0,0.0
2025-01-31,50992.322429627864,51773.813961116415,50503.89022244752,51187.6953125,42186279,0.0,0.0
2025-02-03,49917.7723805147,50210.83170955882,49624.713051470586,49820.0859375,32344897,0.0,0.0
2025-02-04,50406.20306570209,52359.93186669829,50308.51662565227,51480.75390625,27214851,0.0,0.0
2025-02-05,52359.93005671078,52555.302930056714,51578.438563327036,51676.125,15974885,0.0,0.0
2025-02-06,52164.561024305556,52750.6796875,51969.18813657407,52750.6796875,16466025,0.0,0.0
2025-02-07,52652.98614263268,52946.045434706706,52359.92685055866,52457.61328125,14476866,0.0,0.0
2025-02-10,51773.812738871406,54606.71947363984,51676.12629974146,54313.66015625,27577591,0.0,0.0
2025-02-11,54215.97088195691,54997.46235412927,53727.53871184919,54411.34375,24596196,0.0,0.0
2025-02-12,53825.2261984767,54606.7176859319,53239.107582885306,54509.03125,26428596,0.0,0.0
2025-02-13,54802.090557795695,55095.1498655914,54313.6583781362,54509.03125,22448377,0.0,0.0
2025-02-14,54704.40625,55974.32996651786,54704.40625,54704.40625,23979779,0.0,0.0
2025-02-17,54802.09268973215,55192.83844866072,54411.34693080357,54704.40625,11916027,0.0,0.0
2025-02-18,54899.780838093146,55876.64526581722,54606.721509775925,55583.5859375,22131007,0.0,0.0
2025-02-19,56072.017661307495,57537.31429008731,55974.33121938884,57341.94140625,25395151,0.0,0.0
2025-02-20,57732.683961633134,57732.683961633134,56755.81959680009,57048.87890625,21589059,0.0,0.0
2025-02-21,57048.88069158076,57146.56713112113,55778.95697755584,56853.5078125,22198428,0.0,0.0
2025-02-24,55974.33203125,56365.07780459206,55876.645587914485,55974.33203125,14138471,0.0,0.0
2025-02-25,55290.529747596156,56462.76712740385,55192.843299278844,55876.6484375,14625181,0.0,0.0
2025-02-26,55681.26918617491,55778.95562334364,54802.09125165636,55290.5234375,18117091,0.0,0.0
2025-02-27,55192.83772063721,55778.956351298846,54899.778405306395,54997.46484375,14975356,0.0,0.0
2025-02-28,54118.28732798165,54411.3466456422,53239.109375,53239.109375,28036698,0.0,0.0
2025-03-04,52652.9907396789,53727.54157110092,52555.304300458716,53239.109375,18553933,0.0,0.0
2025-03-05,53825.230570023145,54118.28990162037,52750.6796875,52750.6796875,16578817,0.0,0.0
2025-03-06,52848.365396236186,53239.111166263814,52750.678953729286,53043.73828125,12258101,0.0,0.0
2025-03-07,52262.24041986732,52946.045434706706,52164.55398917598,52457.61328125,14274992,0.0,0.0
2025-03-10,52262.24041986732,53532.16401885475,52262.24041986732,52457.61328125,12921670,0.0,0.0
2025-03-11,51285.378891674445,52848.36186742071,51285.378891674445,52359.9296875,17740891,0.0,0.0
2025-03-12,52555.30463057833,54020.60122808516,52359.93175091075,53629.85546875,17973221,0.0,0.0
2025-03-13,54509.03524908592,54606.72169218464,52946.0521595064,53434.484375,24132151,0.0,0.0
2025-03-14,53239.111488802555,53825.230147394876,53141.425045703836,53434.484375,10845154,0.0,0.0
2025-03-17,54215.97157796224,56462.75958930122,54118.28514268663,56267.38671875,35559021,0.0,0.0
2025-03-18,57439.6239420573,57634.99681260851,55974.32741292318,56267.38671875,28138594,0.0,0.0
2025-03-19,56072.0155849359,57830.37147435897,56072.0155849359,57146.56640625,29421759,0.0,0.0
2025-03-20,57830.37385797342,58904.92472357766,57146.56876167982,58807.23828125,34989004,0.0,0.0
2025-03-21,59491.0436145158,60272.53515625,59002.61140093193,60272.53515625,40155612,0.0,0.0
2025-03-24,59784.09801136363,60174.84375,59100.29296875,59100.29296875,14088094,0.0,0.0
2025-03-25,59491.04304713629,59686.41593070653,58123.432862144655,58416.4921875,17259455,0.0,0.0
2025-03-26,58416.49345989414,59979.4765625,58318.80701598127,59979.4765625,16431645,0.0,0.0
2025-03-27,59491.04080703884,60565.591626213594,59393.354368932036,60370.21875,20389790,0.0,0.0
2025-03-28,59647.96303337832,60041.03033508098,58960.09525539867,59156.62890625,16282514,365.0,0.0
2025-03-31,58468.758616727944,58665.29225913711,56798.22265625,56798.22265625,17633494,0.0,0.0
2025-04-01,57682.61990460246,58567.02123193027,56896.48539142219,57780.88671875,13841706,0.0,0.0
2025-04-02,57780.88671875,58370.4876036352,57289.55264801233,57780.88671875,14402297,0.0,0.0
2025-04-03,55913.81976996528,56798.22113715278,55913.81976996528,56601.6875,19508076,0.0,0.0
2025-04-04,55225.95040942513,57191.286722927805,54734.61633104947,55127.68359375,23527139,0.0,0.0
2025-04-07,52376.21212699718,53162.346642974626,52179.678498002824,52277.9453125,31998883,0.0,0.0
2025-04-08,54046.748320677565,54341.54876606308,52376.212463492986,52572.74609375,25532845,0.0,0.0
2025-04-09,52376.2105910967,53358.87870725236,51983.14334463444,52081.41015625,20576960,0.0,0.0
2025-04-10,55619.01800753546,55717.28482380319,54046.74894725177,55422.484375,22948172,0.0,0.0
2025-04-11,54636.352439990944,54734.61926092618,53850.217872509056,54243.28515625,13930480,0.0,0.0
2025-04-14,55324.216032306496,55717.283286532474,54832.88196452402,55225.94921875,12852613,0.0,0.0
2025-04-15,55324.21907437059,56110.35362604903,55225.95225541078,55619.01953125,8998640,0.0,0.0
2025-04-16,55029.4218464351,55225.95549588666,53555.41947554845,53751.953125,14437025,0.0,0.0
2025-04-17,53751.948360934664,54341.54925703267,53555.414728902,54145.015625,10867069,0.0,0.0
2025-04-18,54341.5546875,54636.35516500904,53948.48738415461,54341.5546875,5848342,0.0,0.0
2025-04-21,54243.28277301444,55029.41730595668,54145.01595639666,54439.81640625,5941847,0.0,0.0
2025-04-22,53948.483181818185,54538.08409090909,53751.94954545455,54046.75,9532469,0.0,0.0
2025-04-23,55029.42156642729,55127.68839065305,54538.08744529847,54734.62109375,11148692,0.0,0.0
2025-04-24,54636.354269524236,54832.887917975764,54243.28697262119,54734.62109375,10580377,0.0,0.0
2025-04-25,55422.48886333034,55422.48886333034,54636.354269524236,54734.62109375,12183303,0.0,0.0
2025-04-28,54832.88671875,54931.15354082661,54538.08625252016,54832.88671875,9341518,0.0,0.0
2025-04-29,54734.61989667339,55520.75447328629,54636.35307459677,54832.88671875,10295518,0.0,0.0
2025-04-30,54931.153223536036,55029.420045045044,54341.55229448198,54538.0859375,13014189,0.0,0.0
2025-05-02,54046.75054673112,54538.08464261049,53260.61599332412,53358.8828125,22454204,0.0,0.0
2025-05-07,53555.416773981226,54046.75087282509,53358.883134443684,53653.68359375,17136991,0.0,0.0
2025-05-08,54145.017692593865,54538.084971668955,53555.416773981226,53653.68359375,16320532,0.0,0.0
2025-05-09,53751.9480283417,54046.74847456661,53457.14758211679,53850.21484375,7814322,0.0,0.0
2025-05-12,54243.28385416667,56601.6875,54046.75021701389,56601.6875,15414702,0.0,0.0
2025-05-13,56699.95486873902,57191.288966388405,55815.553492970124,55913.8203125,16842801,0.0,0.0
2025-05-14,56503.41915967988,56896.48642339939,56012.08508003049,56405.15234375,12468089,0.0,0.0
2025-05-15,56405.15744982548,57584.35934773124,56110.35697534904,56306.890625,13139736,0.0,0.0
2025-05-16,56405.15561729753,56503.42243893046,55717.287865867074,55815.5546875,10385352,0.0,0.0
2025-05-19,55422.487651209674,55422.487651209674,54538.08625252016,54832.88671875,9802105,0.0,0.0
2025-05-20,55225.95280355546,55717.286903231216,54734.6187038797,54931.15234375,9080577,0.0,0.0
2025-05-21,55225.95521487881,55619.02251178187,54734.62109375,54734.62109375,7794181,0.0,0.0
2025-05-22,54341.554073354666,54538.087722806216,53555.41947554845,53751.953125,15254278,0.0,0.0
2025-05-23,54046.75175853321,54243.28540129151,53162.35036612085,53260.6171875,11247115,0.0,0.0
2025-05-26,52965.818527193784,54046.75359917733,52769.28487774223,53751.953125,10901337,0.0,0.0
2025-05-27,53260.61686862245,53555.4173309949,52867.54958545918,52965.81640625,13439520,0.0,0.0
2025-05-28,53358.88322478757,55127.68598362031,53260.616404852415,54931.15234375,17516283,0.0,0.0
2025-05-29,55225.95040942513,55422.4840407754,54636.34951537433,55127.68359375,12936810,0.0,0.0
2025-05-30,55225.94921875,56208.61735431494,54832.88196452402,55225.94921875,26219683,0.0,0.0
2025-06-02,55324.220579335386,56306.88879566461,55225.95375770246,55815.5546875,12870515,0.0,0.0
2025-06-04,56208.62172902249,56896.48947745458,55815.55444420415,56798.22265625,19649983,0.0,0.0
2025-06-05,57093.019352791875,58861.82201776649,56896.48572335025,58075.6875,23266027,0.0,0.0
2025-06-09,59353.15951609532,59353.15951609532,58468.75813257734,58763.55859375,19609659,0.0,0.0
2025-06-10,58960.09158572635,59058.35840503589,57780.88975401183,58173.95703125,15305760,0.0,0.0
2025-06-11,58468.756945169036,59058.35785554049,58370.49012677379,58861.82421875,13610734,0.0,0.0
2025-06-12,58665.291452205885,58960.091911764706,58272.22417279412,58468.7578125,17755115,0.0,0.0
2025-06-13,59156.62422277015,59156.62422277015,56699.95378162521,57289.5546875,20705979,0.0,0.0
2025-06-16,56994.75961538462,57093.026442307695,55913.824519230766,56208.625,22200872,0.0,0.0
2025-06-17,56798.22297224613,58763.55940727195,56405.15568524096,57093.0234375,28637003,0.0,0.0
2025-06-18,56994.75582671405,58763.55859375,56896.48900632316,58763.55859375,17620705,0.0,0.0
2025-06-19,59451.42568227407,59549.69250158362,57977.42339263091,58173.95703125,16876278,0.0,0.0
2025-06-20,58370.49099264706,58763.55827205883,58075.69053308824,58468.7578125,18072251,0.0,0.0
2025-06-23,57387.82117456896,57486.0879916487,56601.68663793103,56994.75390625,16551694,0.0,0.0
2025-06-24,58370.490767045456,59549.692600723145,58272.22394757232,59451.42578125,23737899,0.0,0.0
2025-06-25,60434.09614600326,60532.36296900489,59254.894269983684,60237.5625,23933612,0.0,0.0
2025-06-26,60237.563985932306,60237.563985932306,58861.82842997301,59156.62890625,19402300,0.0,0.0
2025-06-27,59420.608359888975,60903.65182976973,59321.73879523026,60112.6953125,17340470,367.0,0.0
2025-06-30,60508.17391304348,60508.17391304348,59124.0,59124.0,17110294,0.0,0.0
2025-07-01,59717.21568729236,60409.30262406561,59519.4765625,59519.4765625,13650991,0.0,0.0
2025-07-02,59519.4779245477,60211.564877158715,59123.99966591283,60112.6953125,15047951,0.0,0.0
2025-07-03,60607.04217280564,63078.78125,60409.30304663009,63078.78125,32040639,0.0,0.0
2025-07-04,63968.6074804996,63968.6074804996,62287.82490373223,62584.43359375,23748959,0.0,0.0
2025-07-07,62188.95427091775,62584.432517473666,61002.51953125,61002.51953125,17164708,0.0,0.0
2025-07-08,60903.65319625407,61694.60973127036,60310.435794991856,60705.9140625,20213724,0.0,0.0
2025-07-09,60705.91045374586,60705.91045374586,59519.47572175083,59717.21484375,17533415,0.0,0.0
2025-07-10,59914.955340676235,60508.172720286886,59717.21621413935,60310.43359375,14768473,0.0,0.0
2025-07-11,60607.04331195088,62090.08678614217,60508.173747004796,61892.34765625,19140650,0.0,0.0
2025-07-14,61595.7374375,61892.346125,61101.389624999996,61793.4765625,13563846,0.0,0.0
2025-07-15,61595.740127060446,63078.78362931711,61299.13142660911,62979.9140625,18442202,0.0,0.0
2025-07-16,62979.91371232612,63968.609375,62386.69631472179,63968.609375,23042660,0.0,0.0
2025-07-17,65155.04347826087,66044.86956521739,63672.0,65946.0,39448683,0.0,0.0
2025-07-18,66242.61480067064,67033.57139530551,65550.52778036513,66341.484375,23951531,0.0,0.0
2025-07-21,66638.08425516225,68022.2581120944,66440.34513274336,67033.5625,17723148,0.0,0.0
2025-07-22,67330.17496448863,67725.65323153409,64858.43579545455,65253.9140625,20829006,0.0,0.0
2025-07-23,65451.65149661144,65748.26018919428,64166.34716208584,65649.390625,15687058,0.0,0.0
2025-07-24,65748.26189630682,66044.8705965909,65155.044495738635,65253.9140625,12660193,0.0,0.0
2025-07-25,64957.30773425645,65550.5251564871,64759.5685935129,65155.046875,8080910,0.0,0.0
2025-07-28,67429.04150390625,69604.171875,66440.34588068182,69604.171875,35332500,0.0,0.0
2025-07-29,69999.65319582153,69999.65319582153,68022.26186260623,69801.9140625,28190940,0.0,0.0
2025-07-30,70197.39163653582,72866.86991003787,69801.91337379477,71779.3046875,34761444,0.0,0.0
2025-07-31,72174.78017769607,73163.47579656863,70197.38893995098,70592.8671875,26568072,0.0,0.0
2025-08-01,69406.42924528301,71186.08127721335,68022.25544267053,68121.125,24038534,0.0,0.0
2025-08-04,68714.35460007173,69406.44162482065,67923.39800035868,68912.09375,14780072,0.0,0.0
2025-08-05,70197.39337446353,70691.74121512876,68912.08898873391,69109.828125,14392903,0.0,0.0
2025-08-06,68417.73605559593,68615.47517714389,67527.91000863009,68022.2578125,12542415,0.0,0.0
2025-08-07,69999.6477393617,70197.3868572695,68912.0825908688,69703.0390625,15008213,0.0,0.0
2025-08-08,70197.39499912952,71581.56898502786,69900.7862878656,70988.3515625,22241128,0.0,0.0
2025-08-11,71186.08626760563,71284.9558318662,69999.65149647888,70197.390625,11354253,0.0,0.0
2025-08-12,70296.265625,71581.57005977497,70296.265625,70296.265625,15797656,0.0,0.0
2025-08-13,71087.2109375,71284.95004998261,70592.86315629346,71087.2109375,12305742,0.0,0.0
2025-08-14,71087.2180734986,71087.2180734986,70395.13111033519,70790.609375,11946122,0.0,0.0
2025-08-18,70296.26052455357,70395.13008928571,69208.6953125,69208.6953125,13595591,0.0,0.0
2025-08-19,69604.17357142858,69900.782265625,68912.08661830357,69208.6953125,10533082,0.0,0.0
2025-08-20,69307.56082668439,69900.7781804078,68615.47391400709,69703.0390625,17445516,0.0,0.0
2025-08-21,70691.74016244689,71087.21842908995,69801.9140625,69801.9140625,18843833,0.0,0.0
2025-08-22,70889.47587316176,70988.34543504902,69999.64981617646,70592.8671875,9277432,0.0,0.0
2025-08-25,70889.47349213286,70988.3430506993,70197.38658216783,70691.734375,10345178,0.0,0.0
2025-08-26,69999.65251600285,70296.26121310456,69505.3046875,69505.3046875,14712519,0.0,0.0
2025-08-27,69307.56622919618,70098.5227624823,69010.95752921388,69801.9140625,10523405,0.0,0.0
2025-08-28,69307.5665858477,69604.17528735632,68813.21875,68813.21875,11578024,0.0,0.0
2025-08-29,69307.57204985652,69703.05034971306,68912.09375,68912.09375,11682267,0.0,0.0
2025-09-01,67626.78467085799,67824.52380732248,66736.95855676774,66835.828125,12002343,0.0,0.0
2025-09-02,67033.56288440665,68714.34543460564,67033.56288440665,68318.8671875,10604028,0.0,0.0
2025-09-03,68417.73576289398,69010.953125,68022.25752148997,69010.953125,10283009,0.0,0.0
2025-09-04,68714.34513195435,69307.5625,68516.60600927247,69307.5625,12284414,0.0,0.0
2025-09-05,69505.30022482015,69604.16978417267,68714.34375,68714.34375,11526724,0.0,0.0
2025-09-08,69010.95381597718,69703.04074536377,68813.21469329529,69307.5625,9263135,0.0,0.0
2025-09-09,69307.56055506993,70691.734375,69208.6909965035,70691.734375,14870245,0.0,0.0
2025-09-10,70988.34816201791,71977.04381887052,70790.60903064738,71779.3046875,21928565,0.0,0.0
2025-09-11,72372.5186903951,72767.9969346049,71284.95351881812,72570.2578125,20793501,0.0,0.0
2025-09-12,73756.69968501326,74745.39539124668,73361.22140251989,74547.65625,28219678,0.0,0.0
2025-09-15,76327.29783496732,76722.7760620915,75041.99359681373,75635.2109375,19908805,0.0,0.0
2025-09-16,76030.69828400503,78601.3070686398,75832.95914672544,78502.4375,28218265,0.0,0.0
2025-09-17,78205.81818454283,78205.81818454283,76228.4270800032,77315.9921875,20856317,0.0,0.0
2025-09-18,78205.82307557596,79589.99693532067,77711.47526852429,79392.2578125,25619035,0.0,0.0
2025-09-22,80578.69465755987,83050.43375748502,80183.21640157186,82556.0859375,27529656,0.0,0.0
2025-09-23,84830.08867694806,84928.9582441706,82654.95819805196,83742.5234375,23610263,0.0,0.0
2025-09-24,83248.17458284543,84533.47894101287,82753.82675278102,84434.609375,18300997,0.0,0.0
2025-09-25,83445.91271051104,85225.56487732287,83149.3040160424,85126.6953125,19665151,0.0,0.0
2025-09-26,84039.1262755102,84335.7349564826,81468.51770708284,82358.34375,24071193,0.0,0.0
2025-09-29,82725.79761728029,84414.0792013064,82626.48693586698,83619.59375,13069094,370.0,0.0
2025-09-30,84016.83885205601,84314.77090472289,82825.11064138856,83321.6640625,16319061,0.0,0.0
2025-10-01,84314.76998546511,85605.80886627907,84116.14861918605,85407.1875,22039361,0.0,0.0
2025-10-02,88684.43787430362,89677.54468140668,88088.57379004179,89131.3359375,49883028,0.0,0.0
2025-10-10,93352.03853283898,93848.59192929025,92060.99970206567,93749.28125,35269748,0.0,0.0
2025-10-13,90670.65352860397,92756.17787044481,90074.78943093515,92656.8671875,23883308,0.0,0.0
2025-10-14,94643.08122100164,95338.25600436682,89578.23637076965,90968.5859375,35545235,0.0,0.0
2025-10-15,91663.76000822369,94643.08048519737,91465.13864309211,94345.1484375,21050111,0.0,0.0
2025-10-16,94643.08262698312,97026.5390625,94345.1505725435,97026.5390625,28141060,0.0,0.0
2025-10-17,96529.98924284986,98416.89232475741,96033.4358002426,97225.1640625,22730809,0.0,0.0
2025-10-20,97225.15988149848,97622.40261850152,95338.25688073394,97423.78125,17589756,0.0,0.0
2025-10-21,97821.02087339744,99211.37040865385,96629.29270032051,96827.9140625,22803830,0.0,0.0
2025-10-22,96430.66796082657,97920.328125,94841.6971190416,97920.328125,15937611,0.0,0.0
2025-10-23,96132.7445595855,97821.02623056994,95636.191126943,95834.8125,18488581,0.0,0.0
2025-10-24,97225.15699329453,98317.57448760122,97026.53563069331,98118.953125,18801925,0.0,0.0
2025-10-27,100601.72364430147,101296.8984375,99906.54885110294,101296.8984375,22169970,0.0,0.0
2025-10-28,100204.48241991206,100303.79310615578,98416.89006752512,98814.1328125,20002282,0.0,0.0
2025-10-29,99509.30233208956,100303.78777985075,98416.88484141791,99807.234375,20899788,0.0,0.0
2025-10-30,101694.14024975985,105070.70350024015,101296.89751440923,103382.421875,34570017,0.0,0.0
2025-10-31,104276.21729651163,107851.40188953489,102587.93568313954,106758.984375,54824564,0.0,0.0
2025-11-03,106163.11555608686,110731.40677739649,105765.87284119037,110334.1640625,30110066,0.0,0.0
2025-11-04,111029.3433627264,111625.20745948522,104176.90625,104176.90625,30450281,0.0,0.0
2025-11-05,100303.78960611332,101296.89643389662,96033.43024664513,99906.546875,44843020,0.0,0.0
2025-11-06,102985.17594663559,103084.48662739416,98118.95258946573,98516.1953125,28655689,0.0,0.0
2025-11-07,95735.50373467825,99608.62058701481,95636.1930461568,97225.1640625,22908083,0.0,0.0
2025-11-10,97920.33321943339,100303.78960611332,97225.15843998508,99906.546875,23842327,0.0,0.0
2025-11-11,102985.17604921498,105269.32170893719,101296.89447463768,102786.5546875,27742542,0.0,0.0
2025-11-12,102290.0018186227,103183.79795101842,100899.65227934044,102389.3125,19413497,0.0,0.0
2025-11-13,101793.45076149076,103481.73238387646,101594.82939415127,102091.3828125,20838741,0.0,0.0
2025-11-14,98317.57667824074,98913.44077932098,96529.984375,96529.984375,21806342,0.0,0.0
2025-11-17,99112.06141277336,100303.78960611332,98814.12936443837,99906.546875,17192584,0.0,0.0
2025-11-18,99112.06529588446,100204.4828492459,96827.91950249232,97125.8515625,18684068,0.0,0.0
2025-11-19,96430.67661917098,96827.91936528496,93947.90945595855,95834.8125,18993346,0.0,0.0
2025-11-20,100204.47892333499,102190.6925789016,98814.12936443837,99906.546875,25360435,0.0,0.0
2025-11-21,94941.00886735231,96132.7370121308,93848.59140130537,94146.5234375,23103574,0.0,0.0
2025-11-24,97125.84719170115,98317.57537810238,95536.87627649949,96033.4296875,29831172,0.0,0.0
2025-11-25,100701.03214690332,100701.03214690332,97125.84757364048,98615.5078125,16110054,0.0,0.0
2025-11-26,99807.23708809582,102190.69349616974,98615.50888405884,102091.3828125,21314975,0.0,0.0
2025-11-27,103382.41877264493,104772.76830464976,101992.06924064009,102786.5546875,16453004,0.0,0.0
2025-11-28,103084.48684701492,103084.48684701492,99807.234375,99807.234375,15292277,0.0,0.0
2025-12-01,101296.90011160714,102091.38560267857,99211.37569754464,100105.171875,10905526,0.0,0.0
2025-12-02,100502.40724734042,102786.55286659817,100303.7858891441,102687.2421875,13649487,0.0,0.0
2025-12-03,103978.2854291268,104772.77089563398,103283.11064593302,103779.6640625,14697927,0.0,0.0
2025-12-04,103183.79529168649,104375.5234375,102488.62053996194,104375.5234375,11931145,0.0,0.0
2025-12-05,104574.15005189113,107652.78125,103878.9752652214,107652.78125,19755571,0.0,0.0
2025-12-08,108943.81667380137,109241.74871575343,107255.53510273973,108745.1953125,15527762,0.0,0.0
2025-12-09,108149.33466904981,108645.88808809963,106560.36372809041,107652.78125,13671800,0.0,0.0
2025-12-10,107553.4711154514,109043.13138020833,106659.67495659721,107255.5390625,12365092,0.0,0.0
2025-12-11,108447.26229030755,109738.30112709693,106560.359375,106560.359375,22994507,0.0,0.0
2025-12-12,106361.73592458677,108149.328125,106063.80389118457,108149.328125,14210314,0.0,0.0
2025-12-15,104574.14715529581,105070.7005605916,103878.97238788169,104077.59375,20594654,0.0,0.0
2025-12-16,104176.90716956469,104872.08195525291,101992.07212883024,102091.3828125,18852079,0.0,0.0
2025-12-17,102786.54903266914,107354.84010078777,102687.23835727526,107156.21875,22297611,0.0,0.0
2025-12-18,105666.56093169145,107454.15312790427,104971.3861887198,106858.2890625,20445631,0.0,0.0
2025-12-19,108943.81302916275,108943.81302916275,105467.93932267168,105567.25,25917098,0.0,0.0
2025-12-22,108943.81922369909,109738.3046875,108546.57649179864,109738.3046875,24859171,0.0,0.0
2025-12-23,110135.54218049327,111724.51303251121,109638.98878923767,110731.40625,20419187,0.0,0.0
2025-12-24,111625.20288591359,111625.20288591359,110135.54270505176,110334.1640625,12492939,0.0,0.0
2025-12-26,111625.20854700854,116193.5,111625.20854700854,116193.5,34018174,0.0,0.0
2025-12-29,119153.37842573223,119452.75877353556,117955.85703451883,119253.171875,19676004,566.0,0.0
2025-12-30,118853.99616868224,120949.65856964137,118454.82237802335,119652.34375,19746349,0.0,0.0
2026-01-02,119951.72210603113,128234.578125,119951.72210603113,128234.578125,30463279,0.0,0.0
2026-01-05,134321.9793627806,138313.71723388848,133324.04489500364,137814.75,42863376,0.0,0.0
2026-01-06,135020.5297651188,139012.26752609792,132425.90022048235,138613.09375,45321341,0.0,0.0
2026-01-07,143203.6018949468,144101.74295212765,137315.78829787235,140708.765625,46317413,0.0,0.0
2026-01-08,138014.32966723703,144201.52304349784,138014.32966723703,138513.296875,41449329,0.0,0.0
2026-01-09,135719.08723021584,140409.3792153777,134920.73965827338,138712.890625,29520566,0.0,0.0
2026-01-12,140708.75258915705,141706.68700468302,136617.22148550072,138513.296875,26271134,0.0,0.0
2026-01-13,139511.23705486918,139910.41083757268,136617.2271302689,137315.78125,22384699,0.0,0.0
2026-01-14,136717.01944493942,140010.203125,136517.43255523877,140010.203125,18444394,0.0,0.0
2026-01-15,138712.88687890896,143702.5590687978,138014.33277232453,143602.765625,24701126,0.0,0.0
2026-01-16,144999.87353089324,149191.1981615178,144001.93909503022,148592.4375,30000219,0.0,0.0
2026-01-19,146895.9470864032,150288.92412508372,146297.1864325184,148991.609375,22762497,0.0,0.0
2026-01-20,148193.26171875,148991.60925662878,143602.76337594696,144900.078125,24059218,0.0,0.0
2026-01-21,141606.90116011706,149490.58346571904,141507.1077132107,149191.203125,31703610,0.0,0.0
2026-01-22,154679.8449811228,156675.71394862115,150488.52014937624,151985.421875,32073624,0.0,0.0
2026-01-23,154380.45766559828,155677.77243589744,149789.9592476167,151785.828125,25407497,0.0,0.0
2026-01-26,154580.04455333663,156076.9462113741,151187.06746178502,151785.828125,20561689,0.0,0.0
2026-01-27,150189.1367065047,159170.546875,148891.82190438872,159170.546875,29423670,0.0,0.0
2026-01-28,162264.14939963055,162962.70354833745,159869.10660406406,162064.5625,29456431,0.0,0.0
2026-01-29,165856.70185127566,166255.87562227753,156775.4985609832,160368.0625,36087223,0.0,0.0
2026-01-30,159769.3105821651,166156.09126752338,159769.3105821651,160168.484375,40557267,0.0,0.0
2026-02-02,155378.39642204123,159270.34084109042,150089.34375,150089.34375,39748369,0.0,0.0
2026-02-03,157573.8451772388,167154.015625,156875.29108208956,167154.015625,36529813,0.0,0.0
2026-02-04,163162.2857222058,169050.0990907747,162763.11193450622,168750.71875,29943042,0.0,0.0
2026-02-05,161665.37605932204,163661.24489956058,158172.60558890458,158970.953125,38435228,0.0,0.0
2026-02-06,153781.7011546343,159968.8948415826,151286.86499054224,158272.40625,36358081,0.0,0.0
2026-02-09,168251.75272310697,168351.5461707482,164659.18860802284,166056.296875,25098971,0.0,0.0
2026-02-10,167054.2263645959,167752.7804772316,165158.15091601328,165457.53125,19369566,0.0,0.0
2026-02-11,163661.2552145411,168251.7538364124,161665.38624851013,167453.40625,22760242,0.0,0.0
2026-02-12,170846.37877939528,179229.02820548712,169748.65087835945,178231.09375,41296011,0.0,0.0
2026-02-13,179129.230218681,184019.10892660043,178530.46956056842,180825.71875,34454192,0.0,0.0
2026-02-19,187611.67796052631,190505.68788651316,186713.53694901316,189607.546875,27049388,0.0,0.0
2026-02-20,189607.55030247237,189906.93064505522,188210.44203708574,189707.34375,24213880,0.0,0.0
2026-02-23,193998.45194300517,197191.8420984456,190106.50769106217,192601.34375,26364684,0.0,0.0
2026-02-24,192601.349453125,199586.890625,191603.41499999998,199586.890625,28060617,0.0,0.0
2026-02-25,202081.72182125307,205574.49232186732,200584.82017813268,203079.65625,26987996,0.0,0.0
2026-02-26,206073.47211869265,218547.6532396789,205574.5048738532,217549.71875,30095763,0.0,0.0
2026-02-27,209566.23845265587,222539.3865473441,209566.23845265587,216052.8125,51774768,0.0,0.0
2026-03-03,209067.2720319708,212061.0754500897,194697.015625,194697.015625,54879010,0.0,0.0
2026-03-04,183819.52591463414,195495.35899390242,171544.93216463414,171844.3125,89427954,0.0,0.0
2026-03-05,194597.22729645096,199287.5194415449,187711.47925365347,191204.25,53959129,0.0,0.0
2026-03-06,185715.60325617692,189308.16731701646,180626.13750332093,187811.265625,29522650,0.0,0.0
2026-03-09,173141.625,175137.4938760807,166954.43148414986,173141.625,43066020,0.0,0.0
2026-03-10,187212.51027807346,191104.4547881187,183919.3264618813,187511.890625,33530170,0.0,0.0
2026-03-11,192601.35024671053,194397.63226973685,187312.29762335526,189607.546875,24311356,0.0,0.0
2026-03-12,186214.57578831827,189607.5530534859,185516.0216454896,187511.890625,20440753,0.0,0.0
2026-03-13,179628.19822888283,185815.39172343325,179528.40478542235,183120.96875,19566331,0.0,0.0
2026-03-16,184218.70305047696,188609.61471581878,183220.7685810811,188310.234375,19747901,0.0,0.0
2026-03-17,197591.01550412583,197591.01550412583,192701.13683760958,193499.484375,20300082,0.0,0.0
2026-03-18,200085.85270533574,208568.29533872902,199287.50516336932,208069.328125,25148481,0.0,0.0
2026-03-19,199487.0986985661,204576.56444825436,199187.71836034913,200085.859375,19884483,0.0,0.0
2026-03-20,201582.75451354063,202081.72172768306,198588.95122868606,198988.125,35279762,0.0,0.0
2026-03-23,190106.5121779388,190805.0662909286,185915.1875,185915.1875,30268173,0.0,0.0
2026-03-24,195096.19189015552,195595.15913284133,185116.8470364391,189308.171875,25458914,0.0,0.0
2026-03-25,193299.90124834655,195994.324239418,188609.609375,188609.609375,22995904,0.0,0.0
2026-03-26,185116.84619655748,185516.01998889507,178530.47862298723,179728.0,32074131,0.0,0.0
2026-03-27,171744.5241532482,181324.69516935037,171644.73070516382,179728.0,29138966,0.0,0.0
2026-03-30,171000.0,176650.0,170600.0,176300.0,22269147,372.0,0.0
2026-03-31,170000.0,174700.0,167000.0,167200.0,38659593,0.0,0.0
2026-04-01,179000.0,190800.0,178000.0,189650.0,32390251,0.0,0.0
2026-04-02,192600.0,193600.0,175000.0,178400.0,38615231,0.0,0.0
2026-04-03,184200.0,187200.0,182700.0,186200.0,20194447,0.0,0.0
2026-04-06,190900.0,194600.0,190100.0,193100.0,20635958,0.0,0.0
2026-04-07,202000.0,202500.0,192400.0,196500.0,30848053,0.0,0.0
2026-04-08,214000.0,214500.0,207500.0,210500.0,35890973,0.0,0.0
2026-04-09,207000.0,207500.0,202000.0,204000.0,42320839,0.0,0.0
2026-04-10,208500.0,211000.0,205500.0,206000.0,18244459,0.0,0.0
2026-04-13,198200.0,203000.0,198200.0,201000.0,19603415,0.0,0.0
2026-04-14,208000.0,210000.0,205500.0,206500.0,23672078,0.0,0.0
2026-04-15,215000.0,215500.0,210000.0,211000.0,24092884,0.0,0.0
2026-04-16,212000.0,218000.0,210500.0,217500.0,21499788,0.0,0.0
2026-04-17,217000.0,218000.0,215000.0,216000.0,18079322,0.0,0.0
2026-04-20,214500.0,219000.0,213000.0,214500.0,17107741,0.0,0.0
2026-04-21,218000.0,220000.0,216000.0,219000.0,16752132,0.0,0.0
2026-04-22,218500.0,222500.0,215500.0,217500.0,16823480,0.0,0.0
2026-04-23,223000.0,229500.0,216000.0,224500.0,34525485,0.0,0.0
2026-04-24,224000.0,225000.0,216500.0,219500.0,19626666,0.0,0.0
2026-04-27,220000.0,226000.0,218500.0,224500.0,22870374,0.0,0.0
2026-04-28,224000.0,226000.0,221500.0,222000.0,18444490,0.0,0.0
2026-04-29,219500.0,228000.0,218500.0,226000.0,20363756,0.0,0.0
2026-04-30,229000.0,230000.0,220500.0,220500.0,22161975,0.0,0.0
2026-05-04,228000.0,232500.0,224000.0,232500.0,31909907,0.0,0.0
